env_timestamp,temperature_c,humidity_pct,particle_count_m3,station_id
2024-03-01T06:00:00,21.31,41.92,311,STA2
2024-03-01T06:01:30,21.74,38.66,64,STA2
2024-03-01T06:03:00,21.79,36.77,328,STA2
2024-03-01T06:04:30,21.45,41.32,329,STA3
2024-03-01T06:06:00,21.93,39.29,308,STA1
2024-03-01T06:07:30,21.91,42.61,331,STA2
2024-03-01T06:09:00,21.57,38.55,414,STA2
2024-03-01T06:10:30,21.25,34.33,81,STA1
2024-03-01T06:12:00,21.97,33.9,125,STA3
2024-03-01T06:13:30,21.48,42.95,192,STA2
2024-03-01T06:15:00,21.54,43.17,359,STA2
2024-03-01T06:16:30,21.4,37.46,442,STA3
2024-03-01T06:18:00,21.23,36.85,463,STA1
2024-03-01T06:19:30,21.06,42.38,311,STA3
2024-03-01T06:21:00,21.69,34.68,234,STA3
2024-03-01T06:22:30,21.26,35.32,235,STA1
2024-03-01T06:24:00,22.42,39.93,76,STA3
2024-03-01T06:25:30,21.17,36.82,259,STA3
2024-03-01T06:27:00,21.12,37.98,280,STA2
2024-03-01T06:28:30,21.65,37.51,143,STA2
2024-03-01T06:30:00,21.96,39.01,395,STA3
2024-03-01T06:31:30,21.52,42.22,415,STA1
2024-03-01T06:33:00,21.67,38.27,185,STA1
2024-03-01T06:34:30,20.95,39.93,461,STA2
2024-03-01T06:36:00,21.3,31.85,98,STA3
2024-03-01T06:37:30,21.18,37.85,459,STA2
2024-03-01T06:39:00,20.93,35.47,395,STA1
2024-03-01T06:40:30,21.54,34.34,150,STA2
2024-03-01T06:42:00,20.83,35.37,342,STA1
2024-03-01T06:43:30,21.1,37.0,189,STA3
2024-03-01T06:45:00,21.34,40.75,409,STA2
2024-03-01T06:46:30,21.25,34.02,122,STA2
2024-03-01T06:48:00,21.62,38.09,160,STA2
2024-03-01T06:49:30,21.59,36.55,188,STA3
2024-03-01T06:51:00,21.77,37.02,139,STA3
2024-03-01T06:52:30,21.73,41.01,199,STA2
2024-03-01T06:54:00,21.84,39.61,321,STA2
2024-03-01T06:55:30,21.5,42.01,334,STA1
2024-03-01T06:57:00,21.59,37.54,299,STA2
2024-03-01T06:58:30,21.65,35.91,135,STA2
2024-03-01T07:00:00,21.54,37.33,141,STA2
2024-03-01T07:01:30,21.38,38.73,463,STA3
2024-03-01T07:03:00,21.4,38.53,163,STA3
2024-03-01T07:04:30,21.25,34.75,96,STA2
2024-03-01T07:06:00,21.63,38.27,254,STA2
2024-03-01T07:07:30,21.47,38.68,53,STA1
2024-03-01T07:09:00,21.3,45.55,204,STA2
2024-03-01T07:10:30,21.3,43.63,434,STA3
2024-03-01T07:12:00,21.14,35.44,170,STA3
2024-03-01T07:13:30,21.79,37.14,366,STA3
2024-03-01T07:15:00,21.52,33.61,270,STA2
2024-03-01T07:16:30,21.24,36.23,209,STA3
2024-03-01T07:18:00,21.74,38.95,347,STA3
2024-03-01T07:19:30,21.33,41.62,317,STA2
2024-03-01T07:21:00,21.08,35.81,193,STA1
2024-03-01T07:22:30,21.81,36.04,150,STA2
2024-03-01T07:24:00,21.34,31.56,462,STA3
2024-03-01T07:25:30,21.38,37.51,125,STA2
2024-03-01T07:27:00,21.51,34.81,481,STA3
2024-03-01T07:28:30,21.84,36.41,262,STA3
2024-03-01T07:30:00,21.51,35.37,498,STA1
2024-03-01T07:31:30,21.14,37.72,208,STA3
2024-03-01T07:33:00,21.66,32.73,304,STA2
2024-03-01T07:34:30,21.35,33.6,326,STA3
2024-03-01T07:36:00,22.07,44.39,202,STA2
2024-03-01T07:37:30,21.5,34.14,148,STA2
2024-03-01T07:39:00,20.83,34.71,284,STA1
2024-03-01T07:40:30,21.61,43.51,348,STA1
2024-03-01T07:42:00,22.08,46.72,167,STA2
2024-03-01T07:43:30,21.97,34.49,395,STA2
2024-03-01T07:45:00,22.05,36.9,337,STA2
2024-03-01T07:46:30,21.19,39.02,124,STA1
2024-03-01T07:48:00,21.77,43.19,472,STA2
2024-03-01T07:49:30,21.28,35.04,69,STA1
2024-03-01T07:51:00,21.57,37.26,344,STA1
2024-03-01T07:52:30,21.12,40.33,247,STA2
2024-03-01T07:54:00,21.31,39.3,344,STA2
2024-03-01T07:55:30,21.3,36.87,398,STA2
2024-03-01T07:57:00,21.77,37.6,359,STA3
2024-03-01T07:58:30,21.74,33.88,342,STA3
2024-03-01T08:00:00,21.58,37.29,428,STA2
2024-03-01T08:01:30,21.09,37.2,365,STA3
2024-03-01T08:03:00,21.41,38.7,416,STA1
2024-03-01T08:04:30,21.28,36.33,231,STA3
2024-03-01T08:06:00,21.76,39.41,141,STA2
2024-03-01T08:07:30,21.85,41.04,155,STA3
2024-03-01T08:09:00,21.82,38.47,325,STA3
2024-03-01T08:10:30,21.27,39.06,289,STA3
2024-03-01T08:12:00,20.68,38.16,84,STA3
2024-03-01T08:13:30,20.97,38.0,141,STA1
2024-03-01T08:15:00,21.93,35.84,485,STA1
2024-03-01T08:16:30,21.38,38.95,376,STA2
2024-03-01T08:18:00,21.27,37.71,389,STA2
2024-03-01T08:19:30,21.99,44.28,138,STA1
2024-03-01T08:21:00,21.88,42.72,78,STA3
2024-03-01T08:22:30,21.51,39.16,181,STA1
2024-03-01T08:24:00,21.41,35.71,435,STA3
2024-03-01T08:25:30,21.46,34.66,277,STA1
2024-03-01T08:27:00,21.57,41.57,403,STA2
2024-03-01T08:28:30,21.98,38.79,269,STA3
2024-03-01T08:30:00,21.63,39.44,270,STA2
2024-03-01T08:31:30,21.72,32.77,320,STA3
2024-03-01T08:33:00,21.85,40.78,481,STA3
2024-03-01T08:34:30,21.15,39.36,246,STA3
2024-03-01T08:36:00,21.73,34.67,318,STA2
2024-03-01T08:37:30,21.41,36.59,463,STA3
2024-03-01T08:39:00,20.75,38.79,217,STA2
2024-03-01T08:40:30,20.86,38.16,427,STA3
2024-03-01T08:42:00,21.19,37.12,290,STA3
2024-03-01T08:43:30,21.66,37.69,445,STA1
2024-03-01T08:45:00,21.53,37.24,260,STA2
2024-03-01T08:46:30,21.56,38.46,333,STA3
2024-03-01T08:48:00,22.09,42.41,195,STA1
2024-03-01T08:49:30,21.12,30.3,335,STA3
2024-03-01T08:51:00,21.49,37.29,196,STA1
2024-03-01T08:52:30,21.59,38.53,324,STA3
2024-03-01T08:54:00,21.28,38.89,404,STA3
2024-03-01T08:55:30,21.51,36.88,245,STA1
2024-03-01T08:57:00,21.02,32.73,243,STA3
2024-03-01T08:58:30,21.92,38.98,194,STA1
2024-03-01T09:00:00,21.3,43.18,378,STA2
2024-03-01T09:01:30,22.11,33.4,316,STA3
2024-03-01T09:03:00,21.49,40.59,282,STA1
2024-03-01T09:04:30,21.81,37.01,61,STA1
2024-03-01T09:06:00,21.48,37.82,99,STA2
2024-03-01T09:07:30,21.49,34.84,53,STA2
2024-03-01T09:09:00,21.32,37.0,432,STA1
2024-03-01T09:10:30,21.54,41.9,433,STA2
2024-03-01T09:12:00,21.6,39.75,80,STA1
2024-03-01T09:13:30,21.26,43.2,70,STA1
2024-03-01T09:15:00,21.46,41.53,401,STA1
2024-03-01T09:16:30,21.32,39.32,286,STA1
2024-03-01T09:18:00,22.19,43.23,189,STA3
2024-03-01T09:19:30,21.47,39.32,326,STA3
2024-03-01T09:21:00,21.96,40.48,156,STA2
2024-03-01T09:22:30,21.44,37.11,139,STA3
2024-03-01T09:24:00,21.58,38.2,215,STA2
2024-03-01T09:25:30,21.1,35.91,453,STA3
2024-03-01T09:27:00,21.37,40.97,395,STA1
2024-03-01T09:28:30,21.56,34.47,135,STA1
2024-03-01T09:30:00,21.98,40.35,302,STA3
2024-03-01T09:31:30,21.57,37.43,448,STA1
2024-03-01T09:33:00,21.92,41.51,478,STA3
2024-03-01T09:34:30,21.69,40.25,393,STA2
2024-03-01T09:36:00,21.99,43.46,107,STA2
2024-03-01T09:37:30,21.48,40.19,158,STA2
2024-03-01T09:39:00,22.22,33.28,148,STA3
2024-03-01T09:40:30,21.35,37.8,117,STA1
2024-03-01T09:42:00,21.27,34.48,128,STA3
2024-03-01T09:43:30,21.14,36.45,192,STA3
2024-03-01T09:45:00,22.2,42.53,299,STA3
2024-03-01T09:46:30,21.75,39.91,229,STA3
2024-03-01T09:48:00,21.4,35.9,239,STA3
2024-03-01T09:49:30,21.87,34.96,160,STA2
2024-03-01T09:51:00,21.71,38.1,117,STA2
2024-03-01T09:52:30,22.09,34.35,499,STA2
2024-03-01T09:54:00,21.04,35.99,319,STA3
2024-03-01T09:55:30,21.42,38.94,153,STA2
2024-03-01T09:57:00,21.36,41.47,414,STA2
2024-03-01T09:58:30,20.91,39.83,423,STA1
2024-03-01T10:00:00,21.82,31.13,485,STA1
2024-03-01T10:01:30,21.42,38.91,121,STA1
2024-03-01T10:03:00,21.72,38.22,337,STA2
2024-03-01T10:04:30,22.21,39.24,491,STA2
2024-03-01T10:06:00,21.39,42.85,413,STA3
2024-03-01T10:07:30,21.37,31.81,151,STA2
2024-03-01T10:09:00,21.54,36.23,451,STA1
2024-03-01T10:10:30,21.8,39.77,239,STA2
2024-03-01T10:12:00,21.33,33.26,270,STA1
2024-03-01T10:13:30,21.31,42.43,301,STA3
2024-03-01T10:15:00,21.82,39.11,397,STA3
2024-03-01T10:16:30,21.61,40.54,104,STA1
2024-03-01T10:18:00,20.89,36.29,292,STA1
2024-03-01T10:19:30,21.13,40.44,417,STA1
2024-03-01T10:21:00,21.95,41.21,296,STA2
2024-03-01T10:22:30,21.62,38.7,173,STA1
2024-03-01T10:24:00,21.27,38.7,75,STA3
2024-03-01T10:25:30,21.45,38.81,297,STA1
2024-03-01T10:27:00,21.5,35.41,366,STA2
2024-03-01T10:28:30,21.72,37.56,297,STA2
2024-03-01T10:30:00,21.09,37.54,490,STA1
2024-03-01T10:31:30,21.25,39.15,321,STA3
2024-03-01T10:33:00,21.58,41.0,278,STA1
2024-03-01T10:34:30,21.47,34.82,74,STA3
2024-03-01T10:36:00,21.67,37.62,301,STA3
2024-03-01T10:37:30,21.13,42.44,125,STA2
2024-03-01T10:39:00,21.61,35.77,376,STA3
2024-03-01T10:40:30,21.83,35.53,122,STA2
2024-03-01T10:42:00,21.65,38.61,458,STA1
2024-03-01T10:43:30,21.54,40.53,185,STA1
2024-03-01T10:45:00,21.47,38.03,245,STA3
2024-03-01T10:46:30,21.25,41.99,115,STA2
2024-03-01T10:48:00,21.48,40.57,144,STA3
2024-03-01T10:49:30,21.88,40.53,464,STA1
2024-03-01T10:51:00,21.46,39.66,177,STA3
2024-03-01T10:52:30,21.23,44.98,280,STA3
2024-03-01T10:54:00,21.35,37.38,491,STA1
2024-03-01T10:55:30,21.56,31.99,330,STA2
2024-03-01T10:57:00,21.39,42.81,68,STA3
2024-03-01T10:58:30,21.65,36.63,210,STA1
2024-03-01T11:00:00,21.66,38.32,224,STA1
2024-03-01T11:01:30,21.77,41.93,174,STA1
2024-03-01T11:03:00,21.93,33.19,158,STA2
2024-03-01T11:04:30,21.8,34.25,276,STA1
2024-03-01T11:06:00,21.22,33.2,219,STA2
2024-03-01T11:07:30,21.23,35.62,182,STA3
2024-03-01T11:09:00,21.48,39.32,235,STA1
2024-03-01T11:10:30,21.36,39.57,204,STA1
2024-03-01T11:12:00,21.16,38.83,152,STA2
2024-03-01T11:13:30,21.37,33.76,253,STA1
2024-03-01T11:15:00,21.36,31.07,474,STA1
2024-03-01T11:16:30,21.3,38.16,277,STA1
2024-03-01T11:18:00,21.41,36.58,318,STA1
2024-03-01T11:19:30,21.85,39.38,492,STA3
2024-03-01T11:21:00,21.56,40.11,326,STA1
2024-03-01T11:22:30,22.24,38.41,150,STA2
2024-03-01T11:24:00,21.55,40.28,229,STA3
2024-03-01T11:25:30,21.41,38.69,269,STA2
2024-03-01T11:27:00,21.5,39.59,263,STA2
2024-03-01T11:28:30,21.58,35.89,117,STA2
2024-03-01T11:30:00,21.63,37.46,97,STA3
2024-03-01T11:31:30,22.12,38.59,207,STA1
2024-03-01T11:33:00,21.25,40.46,461,STA1
2024-03-01T11:34:30,21.76,36.82,372,STA3
2024-03-01T11:36:00,21.56,39.56,428,STA1
2024-03-01T11:37:30,21.03,37.2,128,STA1
2024-03-01T11:39:00,21.73,37.65,236,STA1
2024-03-01T11:40:30,21.88,40.49,311,STA1
2024-03-01T11:42:00,21.24,32.02,245,STA1
2024-03-01T11:43:30,21.5,34.11,237,STA2
2024-03-01T11:45:00,20.98,33.55,211,STA2
2024-03-01T11:46:30,21.12,31.0,73,STA1
2024-03-01T11:48:00,21.81,35.97,435,STA3
2024-03-01T11:49:30,21.36,40.25,469,STA1
2024-03-01T11:51:00,21.17,37.15,86,STA3
2024-03-01T11:52:30,21.57,38.59,236,STA3
2024-03-01T11:54:00,21.34,41.27,283,STA2
2024-03-01T11:55:30,21.36,41.98,402,STA2
2024-03-01T11:57:00,21.72,37.79,494,STA1
2024-03-01T11:58:30,21.15,42.06,237,STA1
2024-03-01T12:00:00,21.23,38.28,387,STA3
2024-03-01T12:01:30,21.55,35.49,471,STA2
2024-03-01T12:03:00,21.79,36.22,423,STA1
2024-03-01T12:04:30,21.87,33.56,180,STA3
2024-03-01T12:06:00,21.3,35.34,417,STA3
2024-03-01T12:07:30,21.78,36.93,235,STA1
2024-03-01T12:09:00,21.26,40.41,57,STA1
2024-03-01T12:10:30,22.05,43.16,391,STA1
2024-03-01T12:12:00,21.16,33.85,425,STA1
2024-03-01T12:13:30,21.9,39.18,204,STA2
2024-03-01T12:15:00,21.3,34.88,252,STA1
2024-03-01T12:16:30,22.1,39.42,213,STA2
2024-03-01T12:18:00,21.68,37.61,102,STA1
2024-03-01T12:19:30,21.2,32.51,497,STA3
2024-03-01T12:21:00,21.34,40.78,60,STA3
2024-03-01T12:22:30,21.73,36.18,300,STA2
2024-03-01T12:24:00,21.82,36.4,56,STA2
2024-03-01T12:25:30,21.48,34.79,360,STA1
2024-03-01T12:27:00,21.51,36.04,455,STA1
2024-03-01T12:28:30,21.73,39.28,339,STA2
2024-03-01T12:30:00,21.54,37.43,322,STA1
2024-03-01T12:31:30,21.11,38.99,422,STA2
2024-03-01T12:33:00,21.26,39.09,488,STA2
2024-03-01T12:34:30,21.57,41.96,437,STA1
2024-03-01T12:36:00,21.86,36.97,154,STA2
2024-03-01T12:37:30,21.98,33.57,303,STA2
2024-03-01T12:39:00,21.73,41.2,418,STA3
2024-03-01T12:40:30,21.59,37.01,182,STA1
2024-03-01T12:42:00,21.72,41.34,353,STA2
2024-03-01T12:43:30,21.3,39.15,60,STA3
2024-03-01T12:45:00,21.45,37.61,444,STA1
2024-03-01T12:46:30,21.25,39.05,326,STA3
2024-03-01T12:48:00,21.13,43.85,384,STA3
2024-03-01T12:49:30,21.6,44.23,421,STA2
2024-03-01T12:51:00,21.56,38.21,148,STA3
2024-03-01T12:52:30,21.71,38.48,252,STA3
2024-03-01T12:54:00,21.66,41.23,436,STA1
2024-03-01T12:55:30,21.57,35.46,124,STA3
2024-03-01T12:57:00,21.67,39.0,420,STA1
2024-03-01T12:58:30,21.49,37.92,179,STA1
2024-03-01T13:00:00,21.62,38.94,308,STA1
2024-03-01T13:01:30,21.28,35.5,279,STA2
2024-03-01T13:03:00,21.61,33.23,358,STA3
2024-03-01T13:04:30,21.7,31.78,426,STA2
2024-03-01T13:06:00,21.3,34.65,207,STA2
2024-03-01T13:07:30,21.52,36.62,127,STA1
2024-03-01T13:09:00,21.31,37.12,240,STA2
2024-03-01T13:10:30,21.34,43.81,325,STA2
2024-03-01T13:12:00,21.16,41.32,387,STA2
2024-03-01T13:13:30,21.88,35.11,389,STA1
2024-03-01T13:15:00,21.82,39.04,202,STA1
2024-03-01T13:16:30,21.66,36.78,471,STA3
2024-03-01T13:18:00,22.09,37.15,87,STA2
2024-03-01T13:19:30,21.44,38.56,102,STA2
2024-03-01T13:21:00,22.41,39.86,61,STA1
2024-03-01T13:22:30,21.43,36.98,466,STA3
2024-03-01T13:24:00,21.58,41.19,131,STA2
2024-03-01T13:25:30,21.38,34.57,320,STA2
2024-03-01T13:27:00,21.61,38.02,415,STA3
2024-03-01T13:28:30,21.75,45.79,395,STA1
2024-03-01T13:30:00,21.47,38.67,476,STA2
2024-03-01T13:31:30,22.03,42.3,74,STA3
2024-03-01T13:33:00,21.57,38.27,233,STA2
2024-03-01T13:34:30,21.58,39.74,277,STA1
2024-03-01T13:36:00,21.23,37.83,363,STA1
2024-03-01T13:37:30,21.63,37.49,330,STA1
2024-03-01T13:39:00,21.46,35.66,301,STA2
2024-03-01T13:40:30,21.32,39.29,188,STA2
2024-03-01T13:42:00,21.27,35.45,97,STA1
2024-03-01T13:43:30,22.3,40.0,244,STA3
2024-03-01T13:45:00,21.42,41.26,166,STA1
2024-03-01T13:46:30,21.06,39.1,299,STA2
2024-03-01T13:48:00,21.29,37.14,408,STA3
2024-03-01T13:49:30,21.48,39.36,298,STA1
2024-03-01T13:51:00,21.66,37.07,312,STA1
2024-03-01T13:52:30,21.67,40.81,68,STA1
2024-03-01T13:54:00,21.7,32.51,340,STA2
2024-03-01T13:55:30,21.31,36.99,247,STA1
2024-03-01T13:57:00,21.6,32.03,105,STA3
2024-03-01T13:58:30,21.24,33.51,146,STA1
2024-03-01T14:00:00,21.31,42.09,401,STA3
2024-03-01T14:01:30,21.22,40.69,462,STA2
2024-03-01T14:03:00,21.14,35.84,278,STA1
2024-03-01T14:04:30,21.82,33.49,489,STA1
2024-03-01T14:06:00,21.71,29.11,131,STA1
2024-03-01T14:07:30,21.79,36.37,184,STA1
2024-03-01T14:09:00,21.51,45.26,468,STA1
2024-03-01T14:10:30,21.73,39.3,128,STA2
2024-03-01T14:12:00,20.97,36.32,346,STA1
2024-03-01T14:13:30,21.76,39.4,148,STA3
2024-03-01T14:15:00,21.55,33.32,199,STA1
2024-03-01T14:16:30,21.69,37.11,264,STA1
2024-03-01T14:18:00,21.61,38.3,211,STA1
2024-03-01T14:19:30,21.2,37.74,443,STA1
2024-03-01T14:21:00,21.05,40.37,487,STA3
2024-03-01T14:22:30,21.29,39.03,275,STA1
2024-03-01T14:24:00,21.67,40.0,286,STA1
2024-03-01T14:25:30,21.71,35.93,74,STA3
2024-03-01T14:27:00,21.09,40.69,155,STA2
2024-03-01T14:28:30,21.21,42.89,67,STA1
2024-03-01T14:30:00,21.28,35.09,435,STA3
2024-03-01T14:31:30,21.39,35.34,152,STA1
2024-03-01T14:33:00,21.09,42.01,203,STA1
2024-03-01T14:34:30,21.07,37.43,429,STA2
2024-03-01T14:36:00,21.25,42.21,370,STA3
2024-03-01T14:37:30,21.53,36.67,329,STA1
2024-03-01T14:39:00,21.15,42.37,67,STA3
2024-03-01T14:40:30,21.47,38.39,303,STA1
2024-03-01T14:42:00,21.82,38.77,302,STA3
2024-03-01T14:43:30,21.11,42.69,193,STA1
2024-03-01T14:45:00,21.44,36.91,385,STA2
2024-03-01T14:46:30,21.81,35.18,468,STA2
2024-03-01T14:48:00,21.37,36.65,166,STA1
2024-03-01T14:49:30,21.33,39.36,199,STA2
2024-03-01T14:51:00,21.85,33.3,195,STA3
2024-03-01T14:52:30,21.41,39.91,425,STA2
2024-03-01T14:54:00,21.83,36.38,84,STA2
2024-03-01T14:55:30,21.63,41.44,453,STA3
2024-03-01T14:57:00,21.4,30.82,398,STA3
2024-03-01T14:58:30,21.64,35.64,267,STA1
2024-03-01T15:00:00,21.6,32.94,312,STA3
2024-03-01T15:01:30,21.81,35.52,452,STA3
2024-03-01T15:03:00,21.34,38.74,396,STA3
2024-03-01T15:04:30,21.51,37.46,174,STA3
2024-03-01T15:06:00,21.48,37.24,72,STA3
2024-03-01T15:07:30,21.71,37.52,346,STA3
2024-03-01T15:09:00,21.19,38.61,115,STA1
2024-03-01T15:10:30,21.81,34.97,89,STA3
2024-03-01T15:12:00,21.64,40.12,492,STA1
2024-03-01T15:13:30,21.1,39.99,263,STA2
2024-03-01T15:15:00,21.86,39.16,342,STA3
2024-03-01T15:16:30,22.17,39.67,147,STA1
2024-03-01T15:18:00,21.8,38.89,95,STA3
2024-03-01T15:19:30,21.93,44.11,78,STA2
2024-03-01T15:21:00,21.53,37.74,209,STA1
2024-03-01T15:22:30,21.0,37.08,51,STA1
2024-03-01T15:24:00,20.95,35.74,239,STA2
2024-03-01T15:25:30,21.58,34.9,196,STA2
2024-03-01T15:27:00,21.32,34.27,287,STA2
2024-03-01T15:28:30,21.23,35.33,315,STA1
2024-03-01T15:30:00,21.48,37.79,188,STA1
2024-03-01T15:31:30,21.68,39.0,254,STA1
2024-03-01T15:33:00,21.06,38.15,85,STA1
2024-03-01T15:34:30,21.37,35.7,185,STA3
2024-03-01T15:36:00,21.95,40.7,490,STA1
2024-03-01T15:37:30,21.18,40.22,496,STA3
2024-03-01T15:39:00,21.76,37.52,268,STA1
2024-03-01T15:40:30,21.35,36.04,472,STA2
2024-03-01T15:42:00,21.66,39.65,275,STA3
2024-03-01T15:43:30,21.83,38.56,106,STA2
2024-03-01T15:45:00,21.72,33.66,440,STA1
2024-03-01T15:46:30,21.77,37.8,236,STA2
2024-03-01T15:48:00,21.15,38.79,325,STA1
2024-03-01T15:49:30,21.83,35.3,341,STA3
2024-03-01T15:51:00,21.24,38.57,188,STA3
2024-03-01T15:52:30,21.58,33.64,380,STA2
2024-03-01T15:54:00,21.58,42.01,275,STA2
2024-03-01T15:55:30,21.65,41.74,214,STA2
2024-03-01T15:57:00,21.6,37.24,184,STA3
2024-03-01T15:58:30,21.25,39.09,385,STA2
2024-03-01T16:00:00,21.1,30.77,162,STA3
2024-03-01T16:01:30,21.76,34.53,105,STA2
2024-03-01T16:03:00,21.56,37.12,446,STA1
2024-03-01T16:04:30,21.84,34.78,199,STA3
2024-03-01T16:06:00,21.49,40.14,338,STA2
2024-03-01T16:07:30,21.08,43.99,372,STA3
2024-03-01T16:09:00,21.79,34.47,427,STA2
2024-03-01T16:10:30,21.39,35.49,331,STA2
2024-03-01T16:12:00,21.6,38.71,368,STA2
2024-03-01T16:13:30,21.31,42.83,426,STA2
2024-03-01T16:15:00,21.99,34.33,474,STA3
2024-03-01T16:16:30,21.24,38.75,71,STA2
2024-03-01T16:18:00,21.4,43.46,384,STA3
2024-03-01T16:19:30,21.53,33.04,128,STA2
2024-03-01T16:21:00,21.17,34.16,451,STA1
2024-03-01T16:22:30,21.6,36.73,71,STA3
2024-03-01T16:24:00,21.98,36.44,161,STA2
2024-03-01T16:25:30,21.35,40.44,136,STA3
2024-03-01T16:27:00,21.62,38.72,321,STA2
2024-03-01T16:28:30,20.68,32.68,51,STA2
2024-03-01T16:30:00,21.49,39.55,57,STA3
2024-03-01T16:31:30,21.41,36.27,276,STA2
2024-03-01T16:33:00,21.25,41.82,487,STA3
2024-03-01T16:34:30,21.82,36.12,287,STA2
2024-03-01T16:36:00,21.4,36.09,250,STA1
2024-03-01T16:37:30,21.45,39.62,346,STA1
2024-03-01T16:39:00,21.39,40.29,298,STA3
2024-03-01T16:40:30,20.92,39.34,223,STA2
2024-03-01T16:42:00,21.16,32.94,314,STA2
2024-03-01T16:43:30,21.79,39.61,51,STA3
2024-03-01T16:45:00,20.87,34.9,160,STA2
2024-03-01T16:46:30,21.27,38.71,353,STA2
2024-03-01T16:48:00,21.38,33.73,203,STA3
2024-03-01T16:49:30,22.02,39.34,74,STA1
2024-03-01T16:51:00,21.73,35.58,105,STA1
2024-03-01T16:52:30,21.33,34.15,439,STA3
2024-03-01T16:54:00,21.89,40.14,198,STA1
2024-03-01T16:55:30,21.28,38.72,60,STA3
2024-03-01T16:57:00,21.8,36.16,377,STA1
2024-03-01T16:58:30,21.09,42.35,288,STA1
2024-03-01T17:00:00,21.82,36.68,253,STA3
2024-03-01T17:01:30,21.38,38.1,452,STA2
2024-03-01T17:03:00,21.19,38.81,191,STA3
2024-03-01T17:04:30,21.43,36.14,307,STA2
2024-03-01T17:06:00,21.58,39.41,385,STA1
2024-03-01T17:07:30,21.35,36.4,323,STA3
2024-03-01T17:09:00,21.67,36.77,143,STA1
2024-03-01T17:10:30,21.33,42.09,356,STA1
2024-03-01T17:12:00,21.69,34.88,384,STA3
2024-03-01T17:13:30,21.63,30.76,105,STA1
2024-03-01T17:15:00,21.48,42.83,124,STA2
2024-03-01T17:16:30,21.37,45.65,353,STA2
2024-03-01T17:18:00,21.55,36.78,103,STA3
2024-03-01T17:19:30,21.67,32.19,446,STA1
2024-03-01T17:21:00,22.12,37.07,99,STA1
2024-03-01T17:22:30,21.78,37.14,488,STA2
2024-03-01T17:24:00,21.79,37.43,352,STA2
2024-03-01T17:25:30,22.43,34.66,249,STA3
2024-03-01T17:27:00,21.65,39.74,170,STA2
2024-03-01T17:28:30,21.65,39.57,205,STA1
2024-03-01T17:30:00,21.71,33.52,386,STA3
2024-03-01T17:31:30,21.2,40.1,388,STA2
2024-03-01T17:33:00,21.37,44.16,143,STA3
2024-03-01T17:34:30,21.35,38.52,294,STA3
2024-03-01T17:36:00,21.69,36.99,496,STA1
2024-03-01T17:37:30,21.45,37.57,165,STA2
2024-03-01T17:39:00,21.54,39.85,362,STA2
2024-03-01T17:40:30,21.83,32.81,127,STA2
2024-03-01T17:42:00,21.76,38.49,425,STA1
2024-03-01T17:43:30,21.45,36.83,126,STA2
2024-03-01T17:45:00,21.3,43.54,183,STA2
2024-03-01T17:46:30,21.84,37.48,256,STA1
2024-03-01T17:48:00,21.73,43.0,216,STA1
2024-03-01T17:49:30,21.02,34.69,126,STA1
2024-03-01T17:51:00,21.41,39.76,338,STA3
2024-03-01T17:52:30,21.55,38.96,58,STA3
2024-03-01T17:54:00,21.73,35.39,492,STA2
2024-03-01T17:55:30,21.77,38.53,73,STA2
2024-03-01T17:57:00,21.59,41.64,200,STA1
2024-03-01T17:58:30,21.68,37.03,468,STA1
2024-03-01T18:00:00,21.52,32.92,119,STA3
2024-03-01T18:01:30,21.3,37.95,82,STA1
2024-03-01T18:03:00,21.42,35.29,384,STA1
2024-03-01T18:04:30,21.51,36.97,82,STA3
2024-03-01T18:06:00,21.49,37.76,454,STA2
2024-03-01T18:07:30,20.93,32.88,253,STA1
2024-03-01T18:09:00,21.38,33.15,441,STA2
2024-03-01T18:10:30,21.52,39.45,160,STA3
2024-03-01T18:12:00,21.42,36.43,113,STA2
2024-03-01T18:13:30,21.43,30.31,483,STA2
2024-03-01T18:15:00,21.65,40.35,392,STA2
2024-03-01T18:16:30,21.18,38.82,459,STA2
2024-03-01T18:18:00,21.01,35.86,193,STA3
2024-03-01T18:19:30,21.4,34.05,232,STA1
2024-03-01T18:21:00,21.73,40.51,309,STA1
2024-03-01T18:22:30,22.01,39.05,251,STA1
2024-03-01T18:24:00,21.73,45.15,159,STA2
2024-03-01T18:25:30,21.06,39.26,218,STA2
2024-03-01T18:27:00,21.43,39.16,323,STA2
2024-03-01T18:28:30,21.58,37.5,67,STA3
2024-03-01T18:30:00,21.55,40.45,201,STA2
2024-03-01T18:31:30,21.66,39.88,181,STA1
2024-03-01T18:33:00,21.22,41.76,81,STA2
2024-03-01T18:34:30,21.52,36.44,105,STA2
2024-03-01T18:36:00,21.63,36.69,273,STA2
2024-03-01T18:37:30,21.75,36.56,96,STA2
2024-03-01T18:39:00,21.26,40.37,205,STA3
2024-03-01T18:40:30,21.4,42.5,302,STA1
2024-03-01T18:42:00,20.69,36.62,443,STA1
2024-03-01T18:43:30,21.31,36.73,94,STA2
2024-03-01T18:45:00,21.34,38.94,245,STA1
2024-03-01T18:46:30,21.19,37.26,96,STA1
2024-03-01T18:48:00,21.55,40.86,242,STA2
2024-03-01T18:49:30,21.48,31.24,266,STA2
2024-03-01T18:51:00,20.82,35.52,409,STA2
2024-03-01T18:52:30,21.56,35.65,249,STA1
2024-03-01T18:54:00,21.22,31.04,470,STA3
2024-03-01T18:55:30,21.65,35.11,111,STA2
2024-03-01T18:57:00,21.12,35.25,73,STA1
2024-03-01T18:58:30,21.51,37.4,52,STA1
2024-03-01T19:00:00,21.42,41.34,210,STA1
2024-03-01T19:01:30,21.59,37.26,136,STA2
2024-03-01T19:03:00,21.54,34.91,91,STA2
2024-03-01T19:04:30,21.42,37.83,156,STA2
2024-03-01T19:06:00,21.04,41.15,488,STA2
2024-03-01T19:07:30,21.06,35.07,410,STA3
2024-03-01T19:09:00,21.32,35.27,58,STA3
2024-03-01T19:10:30,21.5,39.68,461,STA2
2024-03-01T19:12:00,21.32,37.34,142,STA3
2024-03-01T19:13:30,21.69,39.94,232,STA3
2024-03-01T19:15:00,21.42,37.96,197,STA3
2024-03-01T19:16:30,21.21,40.1,232,STA1
2024-03-01T19:18:00,21.42,34.89,392,STA2
2024-03-01T19:19:30,21.57,37.96,370,STA2
2024-03-01T19:21:00,21.6,37.37,317,STA1
2024-03-01T19:22:30,22.06,34.35,332,STA1
2024-03-01T19:24:00,21.3,33.31,377,STA2
2024-03-01T19:25:30,21.48,40.06,132,STA2
2024-03-01T19:27:00,21.63,36.95,228,STA3
2024-03-01T19:28:30,21.49,34.93,98,STA3
2024-03-01T19:30:00,21.35,37.71,366,STA1
2024-03-01T19:31:30,21.04,41.38,246,STA3
2024-03-01T19:33:00,21.35,31.16,336,STA2
2024-03-01T19:34:30,21.18,33.51,304,STA2
2024-03-01T19:36:00,20.98,35.23,173,STA3
2024-03-01T19:37:30,21.26,42.38,112,STA2
2024-03-01T19:39:00,21.19,38.85,487,STA1
2024-03-01T19:40:30,21.68,40.3,181,STA1
2024-03-01T19:42:00,21.68,34.58,99,STA2
2024-03-01T19:43:30,21.23,34.64,187,STA1
2024-03-01T19:45:00,21.42,39.34,456,STA1
2024-03-01T19:46:30,20.94,38.17,167,STA3
2024-03-01T19:48:00,21.35,39.65,494,STA1
2024-03-01T19:49:30,21.62,37.44,257,STA1
2024-03-01T19:51:00,21.75,38.83,437,STA2
2024-03-01T19:52:30,21.29,38.47,343,STA1
2024-03-01T19:54:00,21.82,40.33,69,STA1
2024-03-01T19:55:30,21.05,40.42,279,STA3
2024-03-01T19:57:00,21.13,33.14,237,STA2
2024-03-01T19:58:30,21.71,31.26,140,STA3
2024-03-01T20:00:00,22.0,41.01,297,STA2
2024-03-01T20:01:30,21.65,41.56,96,STA2
2024-03-01T20:03:00,21.49,34.94,364,STA1
2024-03-01T20:04:30,20.84,32.42,419,STA2
2024-03-01T20:06:00,20.89,38.3,91,STA1
2024-03-01T20:07:30,21.54,40.79,265,STA3
2024-03-01T20:09:00,21.39,43.39,344,STA1
2024-03-01T20:10:30,21.17,39.55,77,STA1
2024-03-01T20:12:00,21.52,36.88,225,STA2
2024-03-01T20:13:30,21.53,35.32,166,STA2
2024-03-01T20:15:00,21.78,38.03,67,STA1
2024-03-01T20:16:30,21.54,37.1,411,STA2
2024-03-01T20:18:00,21.87,34.95,250,STA1
2024-03-01T20:19:30,21.5,44.15,388,STA3
2024-03-01T20:21:00,21.47,43.36,314,STA2
2024-03-01T20:22:30,21.82,41.41,444,STA3
2024-03-01T20:24:00,21.21,35.24,498,STA3
2024-03-01T20:25:30,22.34,40.57,320,STA2
2024-03-01T20:27:00,21.61,39.92,208,STA3
2024-03-01T20:28:30,21.61,39.33,240,STA1
2024-03-01T20:30:00,21.66,41.75,421,STA3
2024-03-01T20:31:30,22.06,39.91,241,STA2
2024-03-01T20:33:00,21.74,40.22,283,STA3
2024-03-01T20:34:30,21.02,39.91,137,STA1
2024-03-01T20:36:00,21.92,39.02,495,STA1
2024-03-01T20:37:30,21.4,32.65,342,STA3
2024-03-01T20:39:00,21.53,38.25,198,STA2
2024-03-01T20:40:30,21.12,36.33,313,STA1
2024-03-01T20:42:00,21.66,34.16,230,STA2
2024-03-01T20:43:30,21.3,43.05,119,STA1
2024-03-01T20:45:00,21.53,43.19,443,STA2
2024-03-01T20:46:30,21.41,42.08,448,STA3
2024-03-01T20:48:00,22.08,38.77,425,STA3
2024-03-01T20:49:30,22.09,42.05,215,STA2
2024-03-01T20:51:00,21.51,38.04,165,STA2
2024-03-01T20:52:30,21.52,38.61,72,STA3
2024-03-01T20:54:00,21.39,34.72,379,STA1
2024-03-01T20:55:30,21.83,39.19,197,STA1
2024-03-01T20:57:00,21.4,38.18,451,STA1
2024-03-01T20:58:30,21.37,34.09,441,STA3
2024-03-01T21:00:00,21.79,37.85,107,STA2
2024-03-01T21:01:30,21.34,37.76,462,STA1
2024-03-01T21:03:00,21.49,43.39,113,STA1
2024-03-01T21:04:30,21.03,40.68,270,STA1
2024-03-01T21:06:00,21.71,38.03,263,STA3
2024-03-01T21:07:30,22.08,38.75,480,STA2
2024-03-01T21:09:00,21.72,38.13,345,STA1
2024-03-01T21:10:30,21.94,37.39,443,STA1
2024-03-01T21:12:00,21.25,34.75,318,STA2
2024-03-01T21:13:30,21.57,37.55,421,STA2
2024-03-01T21:15:00,21.22,35.76,433,STA3
2024-03-01T21:16:30,21.43,34.25,436,STA1
2024-03-01T21:18:00,21.73,39.53,235,STA1
2024-03-01T21:19:30,21.53,39.17,221,STA1
2024-03-01T21:21:00,21.08,32.64,493,STA2
2024-03-01T21:22:30,21.11,37.63,390,STA3
2024-03-01T21:24:00,21.09,40.99,462,STA2
2024-03-01T21:25:30,21.65,41.18,309,STA1
2024-03-01T21:27:00,22.12,41.08,468,STA2
2024-03-01T21:28:30,21.91,38.12,373,STA2
2024-03-01T21:30:00,20.93,35.46,384,STA1
2024-03-01T21:31:30,21.93,34.75,130,STA3
2024-03-01T21:33:00,21.78,39.03,305,STA2
2024-03-01T21:34:30,21.04,39.14,379,STA1
2024-03-01T21:36:00,21.41,41.86,392,STA2
2024-03-01T21:37:30,21.83,41.3,480,STA3
2024-03-01T21:39:00,21.67,37.6,197,STA3
2024-03-01T21:40:30,21.11,34.27,186,STA1
2024-03-01T21:42:00,21.68,37.04,486,STA3
2024-03-01T21:43:30,20.86,38.65,493,STA2
2024-03-01T21:45:00,21.43,37.39,130,STA2
2024-03-01T21:46:30,21.84,36.27,220,STA1
2024-03-01T21:48:00,21.51,38.76,476,STA3
2024-03-01T21:49:30,21.35,36.49,139,STA3
2024-03-01T21:51:00,21.77,36.12,402,STA1
2024-03-01T21:52:30,21.79,38.93,100,STA2
2024-03-01T21:54:00,21.89,36.79,130,STA3
2024-03-01T21:55:30,21.76,38.73,403,STA2
2024-03-01T21:57:00,21.82,38.82,323,STA1
2024-03-01T21:58:30,21.72,34.58,299,STA3
2024-03-01T22:00:00,21.58,36.56,435,STA1
2024-03-01T22:01:30,21.53,42.31,188,STA2
2024-03-01T22:03:00,21.43,34.51,276,STA2
2024-03-01T22:04:30,21.14,31.65,323,STA3
2024-03-01T22:06:00,21.21,32.41,382,STA2
2024-03-01T22:07:30,21.42,38.09,199,STA3
2024-03-01T22:09:00,21.57,38.09,335,STA3
2024-03-01T22:10:30,21.93,37.65,251,STA3
2024-03-01T22:12:00,21.49,41.64,293,STA3
2024-03-01T22:13:30,21.8,29.98,438,STA3
2024-03-01T22:15:00,21.82,39.19,227,STA3
2024-03-01T22:16:30,21.43,42.68,350,STA3
2024-03-01T22:18:00,21.68,34.62,473,STA2
2024-03-01T22:19:30,21.43,36.86,393,STA1
2024-03-01T22:21:00,21.9,35.74,494,STA1
2024-03-01T22:22:30,21.69,35.32,312,STA3
2024-03-01T22:24:00,21.14,37.02,176,STA1
2024-03-01T22:25:30,21.55,42.28,496,STA3
2024-03-01T22:27:00,21.99,43.51,340,STA3
2024-03-01T22:28:30,21.45,36.99,158,STA2
2024-03-01T22:30:00,21.63,43.72,192,STA3
2024-03-01T22:31:30,21.66,38.11,168,STA1
2024-03-01T22:33:00,21.19,43.26,425,STA2
2024-03-01T22:34:30,21.65,37.72,91,STA3
2024-03-01T22:36:00,21.08,38.39,382,STA3
2024-03-01T22:37:30,21.31,39.1,299,STA1
2024-03-01T22:39:00,21.82,63.78,83,STA3
2024-03-01T22:40:30,21.61,53.02,326,STA2
2024-03-01T22:42:00,21.41,44.15,388,STA3
2024-03-01T22:43:30,21.63,50.9,376,STA2
2024-03-01T22:45:00,21.48,45.43,287,STA2
2024-03-01T22:46:30,21.5,48.57,200,STA1
2024-03-01T22:48:00,21.7,52.48,123,STA2
2024-03-01T22:49:30,21.28,49.16,55,STA3
2024-03-01T22:51:00,21.51,54.86,211,STA3
2024-03-01T22:52:30,21.41,51.14,334,STA1
2024-03-01T22:54:00,21.02,52.46,66,STA1
2024-03-01T22:55:30,21.22,49.41,499,STA3
2024-03-01T22:57:00,21.97,42.19,313,STA2
2024-03-01T22:58:30,21.62,52.07,182,STA3
2024-03-01T23:00:00,21.1,47.4,482,STA1
2024-03-01T23:01:30,21.04,41.96,132,STA2
2024-03-01T23:03:00,21.47,49.46,480,STA1
2024-03-01T23:04:30,21.97,50.28,176,STA3
2024-03-01T23:06:00,21.44,47.49,220,STA3
2024-03-01T23:07:30,21.89,50.87,241,STA1
2024-03-01T23:09:00,21.61,44.89,497,STA1
2024-03-01T23:10:30,21.64,48.43,162,STA3
2024-03-01T23:12:00,21.1,48.43,487,STA1
2024-03-01T23:13:30,21.78,51.07,206,STA3
2024-03-01T23:15:00,21.4,53.0,178,STA3
2024-03-01T23:16:30,21.76,46.39,337,STA1
2024-03-01T23:18:00,21.26,51.26,362,STA1
2024-03-01T23:19:30,21.55,51.06,205,STA3
2024-03-01T23:21:00,21.61,45.55,110,STA1
2024-03-01T23:22:30,21.45,43.26,228,STA2
2024-03-01T23:24:00,21.62,51.54,293,STA1
2024-03-01T23:25:30,21.42,51.3,68,STA2
2024-03-01T23:27:00,21.31,52.27,85,STA2
2024-03-01T23:28:30,21.98,53.47,463,STA3
2024-03-01T23:30:00,21.81,48.94,66,STA3
2024-03-01T23:31:30,21.27,52.87,233,STA2
2024-03-01T23:33:00,21.67,46.69,393,STA2
2024-03-01T23:34:30,21.28,46.29,197,STA2
2024-03-01T23:36:00,21.14,45.42,272,STA3
2024-03-01T23:37:30,21.81,47.9,88,STA1
2024-03-01T23:39:00,20.99,53.92,407,STA1
2024-03-01T23:40:30,21.78,47.17,335,STA2
2024-03-01T23:42:00,21.42,42.67,433,STA3
2024-03-01T23:43:30,21.44,43.3,438,STA3
2024-03-01T23:45:00,21.62,45.3,207,STA1
2024-03-01T23:46:30,21.67,48.8,68,STA1
2024-03-01T23:48:00,21.25,49.08,205,STA2
2024-03-01T23:49:30,21.72,51.27,115,STA2
2024-03-01T23:51:00,21.53,53.44,289,STA2
2024-03-01T23:52:30,21.12,53.7,115,STA1
2024-03-01T23:54:00,21.45,48.94,464,STA3
2024-03-01T23:55:30,21.91,45.26,321,STA3
2024-03-01T23:57:00,22.0,48.86,163,STA3
2024-03-01T23:58:30,21.72,48.56,464,STA2
2024-03-02T00:00:00,21.14,49.32,396,STA1
2024-03-02T00:01:30,21.65,48.22,246,STA2
2024-03-02T00:03:00,21.76,49.48,115,STA1
2024-03-02T00:04:30,21.72,54.58,204,STA1
2024-03-02T00:06:00,21.74,46.33,312,STA2
2024-03-02T00:07:30,21.61,55.57,394,STA2
2024-03-02T00:09:00,21.48,51.78,167,STA1
2024-03-02T00:10:30,21.32,44.56,384,STA3
2024-03-02T00:12:00,20.93,47.42,177,STA1
2024-03-02T00:13:30,21.6,48.66,161,STA2
2024-03-02T00:15:00,21.56,48.73,251,STA2
2024-03-02T00:16:30,21.67,49.95,122,STA2
2024-03-02T00:18:00,21.1,48.5,232,STA3
2024-03-02T00:19:30,21.69,46.64,211,STA3
2024-03-02T00:21:00,22.12,52.85,176,STA3
2024-03-02T00:22:30,21.52,55.8,399,STA2
2024-03-02T00:24:00,21.48,52.24,199,STA1
2024-03-02T00:25:30,21.59,51.42,362,STA2
2024-03-02T00:27:00,22.11,55.44,374,STA2
2024-03-02T00:28:30,21.19,39.6,349,STA2
2024-03-02T00:30:00,21.56,51.11,171,STA2
2024-03-02T00:31:30,21.26,45.03,423,STA1
2024-03-02T00:33:00,21.34,51.02,156,STA2
2024-03-02T00:34:30,21.49,48.78,174,STA3
2024-03-02T00:36:00,21.9,51.67,443,STA2
2024-03-02T00:37:30,22.04,56.75,202,STA3
2024-03-02T00:39:00,21.63,44.74,363,STA3
2024-03-02T00:40:30,21.39,49.67,69,STA3
2024-03-02T00:42:00,22.25,49.58,326,STA1
2024-03-02T00:43:30,21.37,49.84,440,STA3
2024-03-02T00:45:00,21.33,50.97,368,STA2
2024-03-02T00:46:30,20.97,52.92,312,STA2
2024-03-02T00:48:00,21.92,54.71,432,STA2
2024-03-02T00:49:30,21.79,54.51,184,STA1
2024-03-02T00:51:00,22.23,47.24,219,STA3
2024-03-02T00:52:30,21.08,50.86,81,STA2
2024-03-02T00:54:00,21.94,47.38,364,STA3
2024-03-02T00:55:30,21.52,47.56,375,STA3
2024-03-02T00:57:00,21.74,54.08,388,STA2
2024-03-02T00:58:30,21.01,54.41,386,STA3
2024-03-02T01:00:00,21.94,50.89,107,STA2
2024-03-02T01:01:30,21.74,46.53,349,STA2
2024-03-02T01:03:00,21.49,48.92,393,STA3
2024-03-02T01:04:30,21.69,57.37,141,STA3
2024-03-02T01:06:00,21.27,49.78,264,STA3
2024-03-02T01:07:30,21.33,44.96,460,STA3
2024-03-02T01:09:00,21.36,53.48,236,STA2
2024-03-02T01:10:30,20.94,41.23,388,STA3
2024-03-02T01:12:00,21.76,53.36,288,STA1
2024-03-02T01:13:30,21.86,39.61,345,STA3
2024-03-02T01:15:00,21.29,45.75,331,STA2
2024-03-02T01:16:30,21.6,52.08,342,STA2
2024-03-02T01:18:00,21.42,52.83,400,STA3
2024-03-02T01:19:30,21.6,51.07,456,STA1
2024-03-02T01:21:00,21.31,49.81,183,STA3
2024-03-02T01:22:30,21.23,50.95,467,STA2
2024-03-02T01:24:00,21.82,49.44,332,STA2
2024-03-02T01:25:30,21.48,59.01,318,STA1
2024-03-02T01:27:00,22.11,52.4,197,STA2
2024-03-02T01:28:30,21.51,50.37,237,STA3
2024-03-02T01:30:00,21.22,57.18,343,STA1
2024-03-02T01:31:30,21.87,52.25,213,STA2
2024-03-02T01:33:00,21.69,52.14,179,STA3
2024-03-02T01:34:30,21.72,48.17,418,STA2
2024-03-02T01:36:00,21.86,48.88,236,STA2
2024-03-02T01:37:30,21.3,45.29,340,STA2
2024-03-02T01:39:00,21.46,48.25,64,STA1
2024-03-02T01:40:30,21.45,45.99,84,STA2
2024-03-02T01:42:00,21.11,47.25,431,STA3
2024-03-02T01:43:30,21.42,49.23,113,STA2
2024-03-02T01:45:00,21.9,49.89,408,STA2
2024-03-02T01:46:30,21.57,48.7,455,STA1
2024-03-02T01:48:00,21.1,54.54,266,STA3
2024-03-02T01:49:30,21.03,51.88,448,STA3
2024-03-02T01:51:00,22.0,49.58,242,STA3
2024-03-02T01:52:30,21.47,47.4,478,STA2
2024-03-02T01:54:00,21.31,54.97,156,STA2
2024-03-02T01:55:30,21.42,49.32,242,STA2
2024-03-02T01:57:00,21.06,48.49,225,STA1
2024-03-02T01:58:30,21.93,51.44,402,STA1
2024-03-02T02:00:00,21.38,52.38,69,STA2
2024-03-02T02:01:30,21.91,46.14,422,STA2
2024-03-02T02:03:00,21.52,50.11,60,STA1
2024-03-02T02:04:30,21.93,53.02,192,STA3
2024-03-02T02:06:00,21.58,55.59,318,STA2
2024-03-02T02:07:30,21.76,51.36,115,STA3
2024-03-02T02:09:00,21.72,46.63,270,STA1
2024-03-02T02:10:30,21.69,53.51,498,STA1
2024-03-02T02:12:00,21.6,51.37,420,STA1
2024-03-02T02:13:30,21.43,48.58,63,STA3
2024-03-02T02:15:00,22.07,47.84,316,STA1
2024-03-02T02:16:30,21.23,55.47,318,STA3
2024-03-02T02:18:00,21.5,50.94,80,STA3
2024-03-02T02:19:30,21.5,56.88,342,STA1
2024-03-02T02:21:00,21.62,50.01,284,STA2
2024-03-02T02:22:30,21.37,53.06,356,STA1
2024-03-02T02:24:00,21.59,50.5,183,STA2
2024-03-02T02:25:30,21.45,47.26,165,STA1
2024-03-02T02:27:00,21.03,50.91,381,STA3
2024-03-02T02:28:30,21.5,52.4,374,STA3
2024-03-02T02:30:00,21.17,48.84,122,STA1
2024-03-02T02:31:30,20.98,47.98,147,STA1
2024-03-02T02:33:00,21.54,54.29,313,STA3
2024-03-02T02:34:30,21.65,53.57,423,STA2
2024-03-02T02:36:00,21.66,52.11,140,STA2
2024-03-02T02:37:30,21.67,52.71,148,STA3
2024-03-02T02:39:00,20.92,54.97,413,STA1
2024-03-02T02:40:30,21.09,48.5,363,STA3
2024-03-02T02:42:00,22.09,48.16,456,STA2
2024-03-02T02:43:30,21.19,50.76,402,STA2
2024-03-02T02:45:00,21.68,47.92,478,STA2
2024-03-02T02:46:30,21.29,52.39,135,STA3
2024-03-02T02:48:00,21.52,48.15,172,STA2
2024-03-02T02:49:30,21.31,43.65,157,STA1
2024-03-02T02:51:00,21.67,49.87,74,STA1
2024-03-02T02:52:30,21.54,48.44,400,STA3
2024-03-02T02:54:00,21.37,51.46,347,STA2
2024-03-02T02:55:30,21.18,50.42,88,STA1
2024-03-02T02:57:00,21.58,48.92,139,STA1
2024-03-02T02:58:30,21.14,52.25,135,STA1
2024-03-02T03:00:00,21.63,48.65,231,STA3
2024-03-02T03:01:30,22.29,46.58,254,STA3
2024-03-02T03:03:00,21.91,51.53,180,STA2
2024-03-02T03:04:30,21.72,52.5,468,STA1
2024-03-02T03:06:00,21.47,46.09,145,STA2
2024-03-02T03:07:30,20.92,52.05,302,STA1
2024-03-02T03:09:00,21.1,46.6,247,STA2
2024-03-02T03:10:30,21.88,48.11,224,STA2
2024-03-02T03:12:00,21.26,49.28,421,STA3
2024-03-02T03:13:30,21.29,54.1,490,STA1
2024-03-02T03:15:00,21.45,58.63,52,STA1
2024-03-02T03:16:30,21.18,53.57,258,STA1
2024-03-02T03:18:00,21.13,50.74,103,STA2
2024-03-02T03:19:30,21.48,50.68,245,STA2
2024-03-02T03:21:00,21.23,46.65,327,STA1
2024-03-02T03:22:30,21.28,51.57,235,STA3
2024-03-02T03:24:00,21.27,50.76,189,STA2
2024-03-02T03:25:30,21.66,47.85,190,STA3
2024-03-02T03:27:00,21.43,52.19,184,STA2
2024-03-02T03:28:30,21.45,55.22,196,STA1
2024-03-02T03:30:00,21.68,46.43,218,STA1
2024-03-02T03:31:30,21.46,48.04,359,STA2
2024-03-02T03:33:00,21.42,53.1,93,STA2
2024-03-02T03:34:30,21.64,48.91,68,STA3
2024-03-02T03:36:00,21.7,47.8,282,STA3
2024-03-02T03:37:30,21.46,47.25,356,STA1
2024-03-02T03:39:00,21.52,47.84,166,STA1
2024-03-02T03:40:30,21.27,53.21,140,STA1
2024-03-02T03:42:00,21.24,44.07,331,STA1
2024-03-02T03:43:30,21.73,50.28,222,STA1
2024-03-02T03:45:00,21.63,47.64,381,STA1
2024-03-02T03:46:30,21.64,48.16,115,STA2
2024-03-02T03:48:00,21.58,47.11,104,STA1
2024-03-02T03:49:30,21.51,58.67,298,STA1
2024-03-02T03:51:00,21.71,48.11,226,STA1
2024-03-02T03:52:30,21.78,54.33,378,STA3
2024-03-02T03:54:00,21.77,46.53,277,STA2
2024-03-02T03:55:30,21.47,52.65,209,STA3
2024-03-02T03:57:00,21.92,47.04,121,STA1
2024-03-02T03:58:30,21.57,51.95,123,STA1
2024-03-02T04:00:00,21.69,47.76,390,STA2
2024-03-02T04:01:30,21.58,52.04,151,STA2
2024-03-02T04:03:00,21.57,47.75,276,STA1
2024-03-02T04:04:30,21.28,53.03,418,STA1
2024-03-02T04:06:00,21.71,46.78,454,STA2
2024-03-02T04:07:30,22.35,51.0,170,STA1
2024-03-02T04:09:00,21.39,45.89,99,STA2
2024-03-02T04:10:30,21.52,53.33,398,STA3
2024-03-02T04:12:00,21.37,54.9,359,STA2
2024-03-02T04:13:30,21.35,48.37,199,STA2
2024-03-02T04:15:00,21.96,47.68,317,STA2
2024-03-02T04:16:30,21.3,43.36,134,STA3
2024-03-02T04:18:00,21.36,49.89,365,STA2
2024-03-02T04:19:30,21.02,44.51,377,STA2
2024-03-02T04:21:00,21.27,42.52,184,STA3
2024-03-02T04:22:30,20.99,49.61,260,STA1
2024-03-02T04:24:00,21.69,52.15,200,STA1
2024-03-02T04:25:30,22.34,61.58,64,STA2
2024-03-02T04:27:00,21.39,44.83,107,STA1
2024-03-02T04:28:30,21.0,51.42,481,STA1
2024-03-02T04:30:00,21.77,52.95,255,STA1
2024-03-02T04:31:30,21.28,52.26,116,STA3
2024-03-02T04:33:00,21.89,49.81,69,STA2
2024-03-02T04:34:30,21.42,48.92,209,STA3
2024-03-02T04:36:00,21.31,51.56,492,STA1
2024-03-02T04:37:30,21.45,44.12,223,STA2
2024-03-02T04:39:00,21.73,42.08,499,STA2
2024-03-02T04:40:30,21.43,44.81,270,STA2
2024-03-02T04:42:00,21.35,55.06,393,STA3
2024-03-02T04:43:30,21.44,48.3,403,STA3
2024-03-02T04:45:00,21.12,48.41,62,STA2
2024-03-02T04:46:30,21.62,52.29,52,STA3
2024-03-02T04:48:00,20.96,56.6,465,STA1
2024-03-02T04:49:30,21.37,49.39,469,STA1
2024-03-02T04:51:00,21.73,48.0,109,STA3
2024-03-02T04:52:30,21.59,57.32,340,STA1
2024-03-02T04:54:00,21.68,51.69,465,STA1
2024-03-02T04:55:30,21.48,53.54,477,STA1
2024-03-02T04:57:00,21.85,50.88,183,STA1
2024-03-02T04:58:30,21.78,53.93,417,STA2
2024-03-02T05:00:00,21.63,52.91,340,STA1
2024-03-02T05:01:30,21.78,49.93,467,STA2
2024-03-02T05:03:00,21.73,49.83,116,STA3
2024-03-02T05:04:30,21.37,52.11,320,STA1
2024-03-02T05:06:00,21.1,48.7,61,STA3
2024-03-02T05:07:30,21.63,51.84,210,STA2
2024-03-02T05:09:00,21.66,46.07,55,STA2
2024-03-02T05:10:30,21.83,48.76,249,STA2
2024-03-02T05:12:00,21.22,51.97,414,STA1
2024-03-02T05:13:30,21.23,54.0,346,STA1
2024-03-02T05:15:00,21.64,56.1,192,STA2
2024-03-02T05:16:30,21.48,54.39,242,STA3
2024-03-02T05:18:00,20.93,45.79,215,STA2
2024-03-02T05:19:30,21.61,48.36,379,STA2
2024-03-02T05:21:00,20.94,51.84,169,STA2
2024-03-02T05:22:30,21.22,51.88,91,STA2
2024-03-02T05:24:00,21.91,52.33,278,STA1
2024-03-02T05:25:30,22.05,48.11,423,STA2
2024-03-02T05:27:00,21.14,52.14,264,STA3
2024-03-02T05:28:30,21.4,45.38,141,STA1
2024-03-02T05:30:00,21.51,50.53,70,STA3
2024-03-02T05:31:30,22.03,50.19,474,STA3
2024-03-02T05:33:00,21.35,49.74,392,STA1
2024-03-02T05:34:30,21.36,48.08,119,STA2
2024-03-02T05:36:00,21.96,45.76,83,STA3
2024-03-02T05:37:30,21.39,45.36,108,STA2
2024-03-02T05:39:00,21.72,52.8,219,STA3
2024-03-02T05:40:30,21.06,47.08,415,STA3
2024-03-02T05:42:00,21.45,48.96,121,STA2
2024-03-02T05:43:30,21.0,41.33,418,STA3
2024-03-02T05:45:00,21.18,45.91,50,STA3
2024-03-02T05:46:30,21.75,47.66,382,STA3
2024-03-02T05:48:00,21.49,47.06,177,STA3
2024-03-02T05:49:30,21.4,56.79,482,STA1
2024-03-02T05:51:00,21.28,50.83,264,STA1
2024-03-02T05:52:30,21.43,53.9,171,STA1
2024-03-02T05:54:00,21.59,49.26,159,STA1
2024-03-02T05:55:30,21.79,49.25,421,STA3
2024-03-02T05:57:00,20.71,50.39,231,STA2
2024-03-02T05:58:30,21.25,51.18,208,STA2
2024-03-02T06:00:00,21.55,53.34,381,STA1
2024-03-02T06:01:30,21.47,43.11,291,STA3
2024-03-02T06:03:00,21.62,39.93,348,STA2
2024-03-02T06:04:30,21.58,48.79,250,STA3
2024-03-02T06:06:00,21.41,51.57,78,STA1
2024-03-02T06:07:30,21.34,51.51,52,STA1
2024-03-02T06:09:00,21.43,55.05,67,STA1
2024-03-02T06:10:30,21.84,47.08,308,STA1
2024-03-02T06:12:00,21.28,53.49,281,STA3
2024-03-02T06:13:30,21.48,53.02,386,STA2
2024-03-02T06:15:00,21.56,50.35,452,STA2
2024-03-02T06:16:30,21.97,52.66,128,STA1
2024-03-02T06:18:00,21.41,51.03,480,STA1
2024-03-02T06:19:30,21.79,50.01,469,STA3
2024-03-02T06:21:00,21.87,54.85,327,STA3
2024-03-02T06:22:30,21.48,50.33,288,STA3
2024-03-02T06:24:00,21.44,51.63,129,STA3
2024-03-02T06:25:30,21.4,53.02,130,STA2
2024-03-02T06:27:00,21.42,44.18,58,STA1
2024-03-02T06:28:30,21.76,44.22,340,STA3
2024-03-02T06:30:00,21.57,48.62,244,STA3
2024-03-02T06:31:30,21.57,53.33,136,STA2
2024-03-02T06:33:00,21.16,48.99,110,STA1
2024-03-02T06:34:30,21.21,41.09,78,STA3
2024-03-02T06:36:00,22.14,45.95,338,STA3
2024-03-02T06:37:30,21.45,49.88,358,STA1
2024-03-02T06:39:00,21.27,58.48,334,STA1
2024-03-02T06:40:30,21.93,55.9,99,STA3
2024-03-02T06:42:00,21.58,50.78,68,STA1
2024-03-02T06:43:30,21.67,49.88,97,STA3
2024-03-02T06:45:00,21.46,48.99,388,STA3
2024-03-02T06:46:30,21.4,46.11,382,STA1
2024-03-02T06:48:00,21.45,52.69,182,STA1
2024-03-02T06:49:30,21.09,47.72,74,STA2
2024-03-02T06:51:00,21.47,51.56,193,STA2
2024-03-02T06:52:30,21.59,44.59,414,STA3
2024-03-02T06:54:00,22.06,46.51,114,STA2
2024-03-02T06:55:30,21.53,53.86,408,STA1
2024-03-02T06:57:00,20.8,51.53,258,STA3
2024-03-02T06:58:30,21.47,52.86,113,STA3
2024-03-02T07:00:00,22.32,46.29,470,STA2
2024-03-02T07:01:30,21.76,51.39,283,STA3
2024-03-02T07:03:00,21.26,47.62,352,STA3
2024-03-02T07:04:30,21.68,54.77,93,STA3
2024-03-02T07:06:00,21.28,51.08,217,STA3
2024-03-02T07:07:30,21.09,42.45,334,STA2
2024-03-02T07:09:00,21.4,48.62,340,STA1
2024-03-02T07:10:30,21.53,54.66,78,STA2
2024-03-02T07:12:00,20.94,51.41,321,STA3
2024-03-02T07:13:30,21.16,45.98,475,STA3
2024-03-02T07:15:00,21.5,58.38,403,STA3
2024-03-02T07:16:30,21.38,54.39,143,STA2
2024-03-02T07:18:00,21.62,49.09,460,STA2
2024-03-02T07:19:30,21.14,51.51,357,STA1
2024-03-02T07:21:00,21.71,57.97,75,STA1
2024-03-02T07:22:30,21.14,54.8,107,STA1
2024-03-02T07:24:00,21.99,48.61,464,STA3
2024-03-02T07:25:30,20.99,48.3,144,STA3
2024-03-02T07:27:00,21.17,54.94,93,STA1
2024-03-02T07:28:30,21.63,47.12,252,STA2
2024-03-02T07:30:00,22.0,45.68,286,STA2
2024-03-02T07:31:30,21.59,50.63,307,STA1
2024-03-02T07:33:00,21.67,49.53,346,STA2
2024-03-02T07:34:30,21.51,46.45,499,STA2
2024-03-02T07:36:00,21.19,49.28,391,STA3
2024-03-02T07:37:30,21.35,49.24,61,STA3
2024-03-02T07:39:00,21.14,48.82,89,STA1
2024-03-02T07:40:30,21.12,48.18,50,STA2
2024-03-02T07:42:00,21.62,56.2,227,STA3
2024-03-02T07:43:30,21.16,52.47,207,STA3
2024-03-02T07:45:00,21.6,52.57,470,STA3
2024-03-02T07:46:30,21.11,47.56,214,STA3
2024-03-02T07:48:00,21.59,48.82,63,STA1
2024-03-02T07:49:30,21.35,51.9,447,STA3
2024-03-02T07:51:00,21.92,38.57,167,STA3
2024-03-02T07:52:30,21.6,46.87,460,STA3
2024-03-02T07:54:00,21.87,41.21,398,STA3
2024-03-02T07:55:30,21.27,43.03,446,STA1
2024-03-02T07:57:00,21.52,45.55,418,STA1
2024-03-02T07:58:30,21.21,49.8,114,STA2
2024-03-02T08:00:00,21.38,50.64,331,STA2
2024-03-02T08:01:30,21.42,53.11,235,STA1
2024-03-02T08:03:00,21.28,47.03,332,STA1
2024-03-02T08:04:30,21.14,54.03,385,STA3
2024-03-02T08:06:00,21.08,50.17,275,STA2
2024-03-02T08:07:30,20.8,54.55,190,STA1
2024-03-02T08:09:00,21.18,52.9,462,STA2
2024-03-02T08:10:30,21.69,48.36,348,STA2
2024-03-02T08:12:00,21.02,54.33,448,STA1
2024-03-02T08:13:30,21.09,55.06,156,STA3
2024-03-02T08:15:00,22.04,50.62,427,STA2
2024-03-02T08:16:30,21.31,44.75,195,STA1
2024-03-02T08:18:00,21.6,46.85,257,STA1
2024-03-02T08:19:30,21.69,51.14,437,STA3
2024-03-02T08:21:00,21.7,47.36,209,STA1
2024-03-02T08:22:30,21.04,48.56,162,STA1
2024-03-02T08:24:00,21.43,54.63,461,STA2
2024-03-02T08:25:30,21.01,52.99,483,STA2
2024-03-02T08:27:00,22.23,54.8,189,STA1
2024-03-02T08:28:30,21.02,55.02,187,STA2
2024-03-02T08:30:00,21.19,53.68,152,STA1
2024-03-02T08:31:30,21.19,47.76,60,STA2
2024-03-02T08:33:00,21.05,53.42,298,STA1
2024-03-02T08:34:30,21.91,46.48,164,STA2
2024-03-02T08:36:00,22.23,55.67,432,STA3
2024-03-02T08:37:30,21.36,52.95,127,STA3
2024-03-02T08:39:00,21.1,46.78,335,STA1
2024-03-02T08:40:30,20.83,46.51,278,STA1
2024-03-02T08:42:00,21.43,49.31,325,STA1
2024-03-02T08:43:30,21.41,46.0,100,STA2
2024-03-02T08:45:00,21.3,53.82,259,STA2
2024-03-02T08:46:30,21.57,56.54,331,STA3
2024-03-02T08:48:00,21.62,47.77,203,STA3
2024-03-02T08:49:30,21.6,53.73,443,STA3
2024-03-02T08:51:00,21.41,48.44,288,STA1
2024-03-02T08:52:30,21.17,49.36,213,STA1
2024-03-02T08:54:00,21.7,50.66,63,STA3
2024-03-02T08:55:30,21.5,54.2,125,STA3
2024-03-02T08:57:00,21.77,56.16,264,STA1
2024-03-02T08:58:30,21.74,49.98,230,STA1
2024-03-02T09:00:00,21.07,49.78,442,STA3
2024-03-02T09:01:30,21.07,48.65,403,STA2
2024-03-02T09:03:00,21.27,54.86,121,STA3
2024-03-02T09:04:30,21.18,49.23,316,STA2
2024-03-02T09:06:00,21.73,46.02,254,STA3
2024-03-02T09:07:30,21.61,51.73,95,STA3
2024-03-02T09:09:00,21.83,46.4,349,STA1
2024-03-02T09:10:30,21.62,54.81,291,STA1
2024-03-02T09:12:00,21.56,51.78,89,STA3
2024-03-02T09:13:30,21.86,52.19,260,STA1
2024-03-02T09:15:00,21.64,56.97,379,STA1
2024-03-02T09:16:30,21.52,52.55,197,STA3
2024-03-02T09:18:00,21.94,46.89,210,STA1
2024-03-02T09:19:30,21.53,50.73,99,STA1
2024-03-02T09:21:00,21.41,49.78,141,STA1
2024-03-02T09:22:30,21.25,47.41,491,STA2
2024-03-02T09:24:00,21.71,44.86,329,STA2
2024-03-02T09:25:30,21.87,56.51,129,STA3
2024-03-02T09:27:00,21.48,49.89,267,STA3
2024-03-02T09:28:30,21.89,48.56,136,STA2
2024-03-02T09:30:00,20.91,49.87,249,STA3
2024-03-02T09:31:30,21.48,42.13,115,STA1
2024-03-02T09:33:00,21.49,43.94,328,STA2
2024-03-02T09:34:30,21.28,54.25,306,STA1
2024-03-02T09:36:00,22.22,48.64,335,STA1
2024-03-02T09:37:30,21.48,54.07,249,STA3
2024-03-02T09:39:00,21.38,44.65,178,STA1
2024-03-02T09:40:30,21.51,48.56,162,STA2
2024-03-02T09:42:00,20.9,59.09,146,STA2
2024-03-02T09:43:30,21.27,52.9,243,STA1
2024-03-02T09:45:00,21.79,49.41,253,STA3
2024-03-02T09:46:30,21.31,48.37,353,STA1
2024-03-02T09:48:00,21.25,51.52,73,STA1
2024-03-02T09:49:30,21.89,46.54,176,STA2
2024-03-02T09:51:00,21.9,49.14,433,STA1
2024-03-02T09:52:30,21.66,52.45,461,STA3
2024-03-02T09:54:00,21.36,45.45,468,STA1
2024-03-02T09:55:30,21.43,46.04,187,STA1
2024-03-02T09:57:00,21.26,46.42,111,STA1
2024-03-02T09:58:30,21.2,47.11,139,STA1
2024-03-02T10:00:00,21.19,52.44,109,STA1
2024-03-02T10:01:30,21.31,46.16,479,STA2
2024-03-02T10:03:00,21.19,51.18,447,STA1
2024-03-02T10:04:30,21.03,51.83,414,STA1
2024-03-02T10:06:00,21.57,50.58,378,STA1
2024-03-02T10:07:30,21.57,41.39,204,STA1
2024-03-02T10:09:00,22.01,48.19,264,STA2
2024-03-02T10:10:30,21.3,53.52,428,STA3
2024-03-02T10:12:00,21.59,39.73,416,STA1
2024-03-02T10:13:30,21.59,47.04,283,STA3
2024-03-02T10:15:00,21.42,49.35,426,STA3
2024-03-02T10:16:30,21.72,52.1,206,STA1
2024-03-02T10:18:00,21.73,51.26,236,STA2
2024-03-02T10:19:30,21.6,50.18,427,STA2
2024-03-02T10:21:00,21.42,52.28,219,STA2
2024-03-02T10:22:30,21.39,60.29,388,STA1
2024-03-02T10:24:00,21.09,47.28,253,STA2
2024-03-02T10:25:30,21.26,47.33,184,STA1
2024-03-02T10:27:00,21.31,48.12,148,STA3
2024-03-02T10:28:30,21.16,51.92,323,STA2
2024-03-02T10:30:00,21.63,47.68,265,STA1
2024-03-02T10:31:30,21.86,47.15,216,STA2
2024-03-02T10:33:00,21.23,50.47,384,STA3
2024-03-02T10:34:30,21.59,43.41,50,STA3
2024-03-02T10:36:00,21.19,50.33,91,STA1
2024-03-02T10:37:30,21.41,53.8,482,STA3
2024-03-02T10:39:00,21.29,48.86,348,STA1
2024-03-02T10:40:30,21.68,43.83,297,STA1
2024-03-02T10:42:00,21.3,48.93,56,STA1
2024-03-02T10:43:30,21.8,49.37,319,STA3
2024-03-02T10:45:00,21.43,43.52,245,STA3
2024-03-02T10:46:30,21.31,47.01,319,STA2
2024-03-02T10:48:00,21.12,51.83,68,STA3
2024-03-02T10:49:30,21.58,50.27,297,STA1
2024-03-02T10:51:00,21.77,51.2,310,STA1
2024-03-02T10:52:30,21.58,54.27,180,STA3
2024-03-02T10:54:00,22.17,52.79,74,STA3
2024-03-02T10:55:30,21.93,54.85,487,STA1
2024-03-02T10:57:00,21.41,57.2,369,STA1
2024-03-02T10:58:30,21.4,50.33,329,STA2
2024-03-02T11:00:00,21.64,47.13,395,STA1
2024-03-02T11:01:30,21.25,52.01,351,STA3
2024-03-02T11:03:00,21.85,54.45,110,STA3
2024-03-02T11:04:30,21.61,49.44,254,STA1
2024-03-02T11:06:00,21.58,43.36,449,STA1
2024-03-02T11:07:30,21.71,57.84,179,STA3
2024-03-02T11:09:00,22.02,53.45,487,STA2
2024-03-02T11:10:30,21.55,47.36,78,STA1
2024-03-02T11:12:00,21.47,54.74,198,STA1
2024-03-02T11:13:30,21.95,48.29,207,STA3
2024-03-02T11:15:00,21.79,46.27,327,STA3
2024-03-02T11:16:30,21.4,51.97,129,STA1
2024-03-02T11:18:00,21.5,42.61,153,STA3
2024-03-02T11:19:30,21.56,50.58,347,STA1
2024-03-02T11:21:00,21.61,58.31,178,STA1
2024-03-02T11:22:30,21.09,47.58,445,STA2
2024-03-02T11:24:00,21.04,46.31,441,STA2
2024-03-02T11:25:30,21.23,46.41,186,STA3
2024-03-02T11:27:00,21.21,48.64,301,STA3
2024-03-02T11:28:30,21.31,48.51,199,STA1
2024-03-02T11:30:00,21.69,51.66,205,STA2
2024-03-02T11:31:30,21.45,54.66,351,STA3
2024-03-02T11:33:00,21.56,45.79,181,STA2
2024-03-02T11:34:30,21.13,52.88,117,STA1
2024-03-02T11:36:00,21.36,49.65,166,STA1
2024-03-02T11:37:30,21.68,49.41,468,STA2
2024-03-02T11:39:00,21.68,48.33,166,STA2
2024-03-02T11:40:30,21.28,51.76,213,STA2
2024-03-02T11:42:00,21.55,55.41,332,STA1
2024-03-02T11:43:30,22.16,55.25,95,STA1
2024-03-02T11:45:00,21.49,45.88,170,STA2
2024-03-02T11:46:30,21.29,52.13,128,STA3
2024-03-02T11:48:00,21.45,52.02,465,STA2
2024-03-02T11:49:30,21.53,39.46,469,STA2
2024-03-02T11:51:00,21.45,50.53,390,STA3
2024-03-02T11:52:30,21.49,50.87,161,STA3
2024-03-02T11:54:00,21.07,51.57,327,STA3
2024-03-02T11:55:30,21.21,51.94,348,STA2
2024-03-02T11:57:00,21.46,50.72,441,STA3
2024-03-02T11:58:30,21.45,52.14,120,STA2
2024-03-02T12:00:00,21.33,53.4,381,STA2
2024-03-02T12:01:30,21.45,41.53,137,STA2
2024-03-02T12:03:00,21.52,49.28,305,STA3
2024-03-02T12:04:30,21.77,49.83,445,STA3
2024-03-02T12:06:00,21.47,46.82,77,STA1
2024-03-02T12:07:30,21.62,48.11,116,STA3
2024-03-02T12:09:00,21.34,54.1,415,STA1
2024-03-02T12:10:30,21.67,49.32,58,STA2
2024-03-02T12:12:00,21.61,47.54,358,STA3
2024-03-02T12:13:30,21.76,47.61,275,STA2
2024-03-02T12:15:00,21.71,46.81,205,STA1
2024-03-02T12:16:30,21.68,53.69,438,STA2
2024-03-02T12:18:00,21.47,46.56,432,STA2
2024-03-02T12:19:30,21.57,51.05,196,STA2
2024-03-02T12:21:00,21.82,48.07,51,STA1
2024-03-02T12:22:30,21.3,53.06,107,STA2
2024-03-02T12:24:00,21.31,49.47,98,STA1
2024-03-02T12:25:30,21.55,46.85,492,STA2
2024-03-02T12:27:00,21.62,55.18,318,STA3
2024-03-02T12:28:30,21.25,44.85,354,STA3
2024-03-02T12:30:00,21.48,53.5,153,STA2
2024-03-02T12:31:30,21.47,48.22,432,STA3
2024-03-02T12:33:00,20.84,47.5,375,STA1
2024-03-02T12:34:30,21.43,48.05,388,STA3
2024-03-02T12:36:00,21.45,53.17,260,STA2
2024-03-02T12:37:30,21.45,54.87,364,STA3
2024-03-02T12:39:00,21.92,49.06,294,STA3
2024-03-02T12:40:30,21.14,53.25,223,STA2
2024-03-02T12:42:00,21.25,48.31,317,STA2
2024-03-02T12:43:30,20.72,47.99,195,STA3
2024-03-02T12:45:00,21.36,50.78,478,STA1
2024-03-02T12:46:30,21.38,59.01,372,STA1
2024-03-02T12:48:00,21.35,47.39,382,STA2
2024-03-02T12:49:30,21.83,52.84,372,STA2
2024-03-02T12:51:00,21.76,53.77,251,STA3
2024-03-02T12:52:30,21.52,48.94,477,STA1
2024-03-02T12:54:00,21.39,57.47,143,STA2
2024-03-02T12:55:30,21.81,52.2,305,STA1
2024-03-02T12:57:00,21.49,49.68,81,STA1
2024-03-02T12:58:30,21.25,50.31,182,STA3
2024-03-02T13:00:00,20.99,51.51,308,STA3
2024-03-02T13:01:30,21.37,46.98,270,STA3
2024-03-02T13:03:00,21.73,52.45,473,STA1
2024-03-02T13:04:30,22.18,54.87,326,STA2
2024-03-02T13:06:00,21.52,52.04,235,STA3
2024-03-02T13:07:30,21.27,49.01,242,STA1
2024-03-02T13:09:00,21.14,51.08,325,STA3
2024-03-02T13:10:30,21.67,49.53,406,STA3
2024-03-02T13:12:00,20.97,50.9,174,STA2
2024-03-02T13:13:30,21.67,54.01,313,STA2
2024-03-02T13:15:00,21.75,48.1,308,STA1
2024-03-02T13:16:30,21.63,45.82,54,STA3
2024-03-02T13:18:00,21.43,43.75,460,STA3
2024-03-02T13:19:30,21.67,48.6,306,STA3
2024-03-02T13:21:00,21.55,52.36,158,STA3
2024-03-02T13:22:30,21.27,51.29,335,STA2
2024-03-02T13:24:00,22.06,50.62,355,STA3
2024-03-02T13:25:30,21.39,42.29,461,STA1
2024-03-02T13:27:00,21.73,45.77,65,STA3
2024-03-02T13:28:30,20.77,53.03,236,STA1
2024-03-02T13:30:00,21.88,47.15,131,STA2
2024-03-02T13:31:30,21.94,56.35,308,STA1
2024-03-02T13:33:00,21.51,46.94,275,STA1
2024-03-02T13:34:30,21.67,53.39,263,STA2
2024-03-02T13:36:00,21.67,50.5,491,STA2
2024-03-02T13:37:30,21.31,48.85,289,STA1
2024-03-02T13:39:00,21.66,59.99,234,STA3
2024-03-02T13:40:30,21.26,53.23,80,STA1
2024-03-02T13:42:00,21.32,50.08,180,STA3
2024-03-02T13:43:30,21.84,50.35,453,STA1
2024-03-02T13:45:00,21.79,49.79,253,STA2
2024-03-02T13:46:30,21.29,51.72,459,STA1
2024-03-02T13:48:00,21.28,49.71,289,STA3
2024-03-02T13:49:30,21.31,48.7,296,STA3
2024-03-02T13:51:00,21.72,53.25,243,STA1
2024-03-02T13:52:30,21.2,48.76,300,STA1
2024-03-02T13:54:00,21.61,59.86,80,STA2
2024-03-02T13:55:30,21.72,50.06,75,STA3
2024-03-02T13:57:00,21.47,53.78,264,STA1
2024-03-02T13:58:30,21.8,50.04,319,STA1
2024-03-02T14:00:00,21.41,55.09,297,STA2
2024-03-02T14:01:30,21.44,49.18,243,STA1
2024-03-02T14:03:00,21.21,48.56,182,STA1
2024-03-02T14:04:30,21.81,50.86,369,STA1
2024-03-02T14:06:00,21.27,54.11,322,STA2
2024-03-02T14:07:30,21.6,48.83,71,STA3
2024-03-02T14:09:00,21.48,45.62,253,STA2
2024-03-02T14:10:30,21.18,47.86,369,STA1
2024-03-02T14:12:00,21.32,47.47,402,STA2
2024-03-02T14:13:30,21.91,42.73,179,STA2
2024-03-02T14:15:00,21.56,48.62,466,STA1
2024-03-02T14:16:30,21.2,53.59,343,STA1
2024-03-02T14:18:00,21.59,53.41,246,STA1
2024-03-02T14:19:30,21.46,39.39,332,STA3
2024-03-02T14:21:00,22.54,49.98,442,STA3
2024-03-02T14:22:30,21.59,46.76,152,STA1
2024-03-02T14:24:00,21.39,55.02,117,STA1
2024-03-02T14:25:30,21.93,44.9,248,STA2
2024-03-02T14:27:00,20.95,47.99,87,STA1
2024-03-02T14:28:30,21.53,54.05,426,STA3
2024-03-02T14:30:00,22.1,51.36,486,STA3
2024-03-02T14:31:30,21.47,50.62,322,STA1
2024-03-02T14:33:00,20.98,47.42,490,STA1
2024-03-02T14:34:30,21.38,52.55,80,STA1
2024-03-02T14:36:00,21.94,53.84,334,STA2
2024-03-02T14:37:30,21.61,49.26,249,STA3
2024-03-02T14:39:00,21.25,49.55,174,STA2
2024-03-02T14:40:30,21.29,46.48,190,STA1
2024-03-02T14:42:00,21.33,52.34,295,STA1
2024-03-02T14:43:30,21.61,48.47,338,STA1
2024-03-02T14:45:00,21.9,48.17,123,STA1
2024-03-02T14:46:30,21.82,49.7,326,STA2
2024-03-02T14:48:00,21.64,51.82,466,STA2
2024-03-02T14:49:30,21.1,50.63,54,STA1
2024-03-02T14:51:00,21.1,45.61,445,STA1
2024-03-02T14:52:30,21.66,51.68,323,STA3
2024-03-02T14:54:00,21.1,49.14,203,STA3
2024-03-02T14:55:30,21.43,48.51,380,STA2
2024-03-02T14:57:00,21.59,54.08,328,STA2
2024-03-02T14:58:30,21.16,44.46,395,STA2
2024-03-02T15:00:00,21.19,49.29,86,STA2
2024-03-02T15:01:30,21.47,47.91,76,STA1
2024-03-02T15:03:00,21.65,55.08,338,STA2
2024-03-02T15:04:30,21.82,51.45,186,STA3
2024-03-02T15:06:00,21.68,51.76,157,STA2
2024-03-02T15:07:30,21.52,51.65,239,STA3
2024-03-02T15:09:00,21.28,43.34,376,STA2
2024-03-02T15:10:30,21.18,52.06,130,STA1
2024-03-02T15:12:00,21.35,57.15,487,STA2
2024-03-02T15:13:30,21.62,51.86,239,STA3
2024-03-02T15:15:00,21.6,48.87,117,STA2
2024-03-02T15:16:30,20.87,49.55,82,STA2
2024-03-02T15:18:00,21.26,51.55,435,STA1
2024-03-02T15:19:30,21.86,32.01,100,STA3
2024-03-02T15:21:00,21.52,32.95,238,STA2
2024-03-02T15:22:30,21.07,38.63,350,STA1
2024-03-02T15:24:00,22.21,35.86,280,STA2
2024-03-02T15:25:30,21.49,41.94,168,STA1
2024-03-02T15:27:00,21.62,37.05,98,STA3
2024-03-02T15:28:30,21.62,32.2,370,STA3
2024-03-02T15:30:00,21.39,34.2,270,STA1
2024-03-02T15:31:30,21.28,29.75,71,STA3
2024-03-02T15:33:00,22.14,37.3,131,STA1
2024-03-02T15:34:30,21.8,37.43,303,STA2
2024-03-02T15:36:00,21.75,36.73,125,STA2
2024-03-02T15:37:30,21.67,41.24,226,STA1
2024-03-02T15:39:00,21.2,41.6,106,STA3
2024-03-02T15:40:30,21.88,37.49,408,STA3
2024-03-02T15:42:00,21.25,31.6,333,STA2
2024-03-02T15:43:30,21.58,39.85,402,STA1
2024-03-02T15:45:00,21.01,39.67,73,STA3
2024-03-02T15:46:30,20.89,38.93,219,STA2
2024-03-02T15:48:00,21.6,40.94,170,STA3
2024-03-02T15:49:30,21.26,34.51,330,STA2
2024-03-02T15:51:00,20.9,44.03,419,STA1
2024-03-02T15:52:30,21.66,35.12,152,STA1
2024-03-02T15:54:00,22.14,40.25,396,STA1
2024-03-02T15:55:30,21.92,32.94,311,STA1
2024-03-02T15:57:00,21.42,35.21,420,STA1
2024-03-02T15:58:30,21.5,42.55,86,STA1
2024-03-02T16:00:00,21.77,37.22,495,STA3
2024-03-02T16:01:30,21.84,40.52,245,STA3
2024-03-02T16:03:00,21.4,38.71,176,STA1
2024-03-02T16:04:30,21.51,37.69,132,STA1
2024-03-02T16:06:00,21.59,42.09,493,STA3
2024-03-02T16:07:30,21.67,37.29,447,STA2
2024-03-02T16:09:00,21.46,32.66,109,STA2
2024-03-02T16:10:30,21.46,35.59,250,STA3
2024-03-02T16:12:00,21.91,39.65,380,STA2
2024-03-02T16:13:30,21.86,39.19,315,STA3
2024-03-02T16:15:00,21.64,33.3,135,STA2
2024-03-02T16:16:30,22.02,35.83,212,STA2
2024-03-02T16:18:00,21.38,36.25,215,STA1
2024-03-02T16:19:30,21.99,36.9,179,STA2
2024-03-02T16:21:00,21.66,33.87,482,STA3
2024-03-02T16:22:30,22.48,36.11,141,STA2
2024-03-02T16:24:00,21.14,35.81,367,STA1
2024-03-02T16:25:30,21.29,40.31,460,STA2
2024-03-02T16:27:00,21.63,40.43,407,STA3
2024-03-02T16:28:30,21.62,37.56,409,STA3
2024-03-02T16:30:00,22.09,36.82,121,STA2
2024-03-02T16:31:30,21.3,38.42,109,STA3
2024-03-02T16:33:00,21.77,35.55,402,STA1
2024-03-02T16:34:30,21.85,34.56,386,STA2
2024-03-02T16:36:00,21.71,35.18,383,STA2
2024-03-02T16:37:30,21.21,36.1,238,STA1
2024-03-02T16:39:00,21.92,34.51,285,STA3
2024-03-02T16:40:30,21.87,38.49,56,STA3
2024-03-02T16:42:00,21.68,40.19,180,STA1
2024-03-02T16:43:30,21.56,33.24,287,STA1
2024-03-02T16:45:00,21.57,38.08,106,STA3
2024-03-02T16:46:30,21.48,37.34,108,STA3
2024-03-02T16:48:00,21.69,39.02,70,STA3
2024-03-02T16:49:30,21.51,37.96,144,STA1
2024-03-02T16:51:00,21.25,33.64,496,STA3
2024-03-02T16:52:30,21.19,34.21,363,STA3
2024-03-02T16:54:00,21.27,38.09,476,STA3
2024-03-02T16:55:30,21.57,41.09,165,STA3
2024-03-02T16:57:00,21.49,31.36,319,STA3
2024-03-02T16:58:30,21.56,39.04,451,STA2
2024-03-02T17:00:00,21.65,41.57,208,STA1
2024-03-02T17:01:30,21.31,37.54,345,STA1
2024-03-02T17:03:00,21.94,39.65,361,STA3
2024-03-02T17:04:30,21.42,35.89,424,STA3
2024-03-02T17:06:00,21.37,37.64,486,STA1
2024-03-02T17:07:30,21.64,33.14,326,STA2
2024-03-02T17:09:00,20.95,30.97,312,STA1
2024-03-02T17:10:30,21.26,40.83,440,STA1
2024-03-02T17:12:00,21.79,35.05,358,STA2
2024-03-02T17:13:30,20.98,36.63,212,STA2
2024-03-02T17:15:00,21.84,33.84,333,STA2
2024-03-02T17:16:30,21.95,33.77,297,STA2
2024-03-02T17:18:00,21.39,37.48,152,STA2
2024-03-02T17:19:30,21.59,35.81,282,STA3
2024-03-02T17:21:00,21.84,39.13,330,STA1
2024-03-02T17:22:30,21.36,39.36,456,STA1
2024-03-02T17:24:00,21.76,38.96,311,STA2
2024-03-02T17:25:30,21.3,38.72,124,STA2
2024-03-02T17:27:00,21.36,42.73,494,STA3
2024-03-02T17:28:30,21.26,34.8,310,STA3
2024-03-02T17:30:00,21.6,37.84,179,STA2
2024-03-02T17:31:30,21.85,41.4,389,STA1
2024-03-02T17:33:00,21.44,41.79,223,STA1
2024-03-02T17:34:30,21.12,33.73,216,STA2
2024-03-02T17:36:00,21.18,37.06,427,STA2
2024-03-02T17:37:30,21.62,42.07,440,STA2
2024-03-02T17:39:00,22.05,39.52,285,STA1
2024-03-02T17:40:30,21.62,38.59,217,STA3
2024-03-02T17:42:00,21.38,37.35,438,STA2
2024-03-02T17:43:30,21.73,36.85,127,STA2
2024-03-02T17:45:00,21.43,38.86,386,STA1
2024-03-02T17:46:30,21.39,37.24,312,STA3
2024-03-02T17:48:00,21.21,37.87,434,STA2
2024-03-02T17:49:30,21.92,38.24,239,STA1
2024-03-02T17:51:00,20.74,35.97,424,STA1
2024-03-02T17:52:30,21.74,39.6,56,STA2
2024-03-02T17:54:00,21.36,46.74,391,STA1
2024-03-02T17:55:30,21.38,32.67,81,STA3
2024-03-02T17:57:00,22.01,38.97,339,STA3
2024-03-02T17:58:30,21.29,35.72,137,STA3
2024-03-02T18:00:00,21.3,39.73,483,STA2
2024-03-02T18:01:30,21.46,38.14,396,STA2
2024-03-02T18:03:00,21.62,40.29,97,STA2
2024-03-02T18:04:30,21.37,41.53,451,STA2
2024-03-02T18:06:00,21.03,38.58,163,STA2
2024-03-02T18:07:30,21.24,41.4,295,STA2
2024-03-02T18:09:00,21.88,30.97,88,STA3
2024-03-02T18:10:30,21.52,42.77,97,STA1
2024-03-02T18:12:00,21.64,39.13,158,STA1
2024-03-02T18:13:30,21.42,41.23,290,STA3
2024-03-02T18:15:00,21.3,34.34,294,STA3
2024-03-02T18:16:30,22.0,35.51,435,STA3
2024-03-02T18:18:00,21.44,38.44,124,STA2
2024-03-02T18:19:30,21.37,37.95,387,STA2
2024-03-02T18:21:00,21.83,38.85,52,STA1
2024-03-02T18:22:30,21.28,41.25,180,STA1
2024-03-02T18:24:00,21.32,32.7,128,STA3
2024-03-02T18:25:30,21.5,40.92,105,STA2
2024-03-02T18:27:00,21.5,38.02,313,STA2
2024-03-02T18:28:30,21.58,37.39,455,STA1
2024-03-02T18:30:00,22.13,33.59,350,STA2
2024-03-02T18:31:30,21.6,39.51,434,STA3
2024-03-02T18:33:00,20.79,30.76,316,STA2
2024-03-02T18:34:30,21.6,39.95,74,STA2
2024-03-02T18:36:00,21.51,33.52,205,STA3
2024-03-02T18:37:30,21.51,38.16,420,STA1
2024-03-02T18:39:00,21.57,37.64,69,STA1
2024-03-02T18:40:30,21.49,41.51,93,STA2
2024-03-02T18:42:00,21.48,37.46,425,STA2
2024-03-02T18:43:30,21.68,35.92,78,STA3
2024-03-02T18:45:00,21.34,36.48,481,STA1
2024-03-02T18:46:30,21.22,41.82,391,STA1
2024-03-02T18:48:00,22.41,39.61,349,STA2
2024-03-02T18:49:30,21.29,36.84,291,STA2
2024-03-02T18:51:00,21.53,37.29,90,STA3
2024-03-02T18:52:30,21.05,33.3,236,STA2
2024-03-02T18:54:00,21.53,39.17,413,STA2
2024-03-02T18:55:30,21.22,32.72,456,STA1
2024-03-02T18:57:00,21.37,40.26,251,STA2
2024-03-02T18:58:30,21.81,38.39,427,STA2
2024-03-02T19:00:00,21.64,45.16,399,STA2
2024-03-02T19:01:30,21.67,34.7,75,STA2
2024-03-02T19:03:00,20.97,37.69,329,STA2
2024-03-02T19:04:30,22.05,43.39,327,STA1
2024-03-02T19:06:00,21.14,41.57,294,STA1
2024-03-02T19:07:30,21.96,35.91,397,STA1
2024-03-02T19:09:00,21.81,38.67,450,STA2
2024-03-02T19:10:30,21.67,38.01,297,STA3
2024-03-02T19:12:00,21.24,38.85,194,STA3
2024-03-02T19:13:30,21.55,35.9,492,STA1
2024-03-02T19:15:00,21.36,37.73,483,STA1
2024-03-02T19:16:30,21.51,33.21,358,STA2
2024-03-02T19:18:00,21.43,38.41,338,STA1
2024-03-02T19:19:30,20.89,39.35,96,STA2
2024-03-02T19:21:00,21.84,37.32,230,STA2
2024-03-02T19:22:30,21.48,33.15,139,STA3
2024-03-02T19:24:00,21.35,40.97,281,STA2
2024-03-02T19:25:30,21.33,39.09,421,STA3
2024-03-02T19:27:00,21.61,35.82,151,STA2
2024-03-02T19:28:30,21.23,37.16,498,STA3
2024-03-02T19:30:00,20.82,33.5,108,STA2
2024-03-02T19:31:30,21.62,34.92,94,STA2
2024-03-02T19:33:00,21.66,36.39,488,STA2
2024-03-02T19:34:30,21.44,41.69,95,STA2
2024-03-02T19:36:00,21.16,36.08,380,STA3
2024-03-02T19:37:30,21.53,39.92,393,STA2
2024-03-02T19:39:00,21.06,36.39,198,STA1
2024-03-02T19:40:30,21.19,38.74,78,STA2
2024-03-02T19:42:00,21.27,37.58,188,STA2
2024-03-02T19:43:30,21.75,40.62,80,STA2
2024-03-02T19:45:00,21.39,36.4,352,STA1
2024-03-02T19:46:30,21.37,33.28,449,STA1
2024-03-02T19:48:00,22.09,33.85,498,STA1
2024-03-02T19:49:30,21.61,36.4,410,STA2
2024-03-02T19:51:00,21.6,34.25,398,STA1
2024-03-02T19:52:30,21.39,39.23,446,STA2
2024-03-02T19:54:00,21.32,36.6,396,STA1
2024-03-02T19:55:30,20.84,45.12,342,STA1
2024-03-02T19:57:00,21.79,32.79,498,STA1
2024-03-02T19:58:30,21.63,38.61,195,STA1
2024-03-02T20:00:00,21.45,34.62,235,STA1
2024-03-02T20:01:30,21.46,36.52,457,STA3
2024-03-02T20:03:00,21.72,38.42,189,STA1
2024-03-02T20:04:30,21.03,31.02,184,STA2
2024-03-02T20:06:00,21.32,38.71,118,STA2
2024-03-02T20:07:30,21.16,43.71,173,STA3
2024-03-02T20:09:00,22.03,36.64,317,STA2
2024-03-02T20:10:30,21.76,38.78,448,STA2
2024-03-02T20:12:00,20.84,41.07,111,STA3
2024-03-02T20:13:30,21.05,37.51,356,STA3
2024-03-02T20:15:00,21.46,36.26,394,STA1
2024-03-02T20:16:30,21.36,31.17,453,STA3
2024-03-02T20:18:00,21.1,39.92,387,STA2
2024-03-02T20:19:30,22.08,37.66,120,STA1
2024-03-02T20:21:00,21.59,34.96,270,STA2
2024-03-02T20:22:30,21.64,38.38,478,STA3
2024-03-02T20:24:00,21.29,36.25,458,STA1
2024-03-02T20:25:30,21.72,36.41,325,STA1
2024-03-02T20:27:00,21.39,39.82,483,STA3
2024-03-02T20:28:30,21.41,33.98,350,STA2
2024-03-02T20:30:00,21.68,41.14,79,STA1
2024-03-02T20:31:30,21.01,33.81,461,STA3
2024-03-02T20:33:00,21.98,36.01,125,STA2
2024-03-02T20:34:30,21.55,43.77,221,STA1
2024-03-02T20:36:00,21.88,41.38,157,STA1
2024-03-02T20:37:30,21.18,38.29,373,STA2
2024-03-02T20:39:00,21.22,35.18,63,STA1
2024-03-02T20:40:30,21.15,36.41,338,STA2
2024-03-02T20:42:00,21.58,38.22,438,STA1
2024-03-02T20:43:30,21.52,38.11,404,STA1
2024-03-02T20:45:00,21.36,37.73,188,STA3
2024-03-02T20:46:30,21.2,37.91,453,STA1
2024-03-02T20:48:00,21.12,37.36,212,STA3
2024-03-02T20:49:30,21.49,33.67,356,STA1
2024-03-02T20:51:00,21.36,36.45,278,STA2
2024-03-02T20:52:30,21.29,40.74,80,STA1
2024-03-02T20:54:00,21.96,33.89,51,STA2
2024-03-02T20:55:30,21.48,37.43,132,STA2
2024-03-02T20:57:00,21.88,35.54,470,STA1
2024-03-02T20:58:30,21.34,38.33,479,STA2
2024-03-02T21:00:00,21.57,36.83,234,STA3
2024-03-02T21:01:30,21.48,42.43,485,STA2
2024-03-02T21:03:00,20.99,39.52,72,STA1
2024-03-02T21:04:30,21.93,34.06,485,STA3
2024-03-02T21:06:00,21.46,40.01,153,STA1
2024-03-02T21:07:30,21.72,35.68,66,STA1
2024-03-02T21:09:00,21.27,36.27,391,STA2
2024-03-02T21:10:30,21.45,38.94,222,STA1
2024-03-02T21:12:00,21.24,36.52,181,STA1
2024-03-02T21:13:30,21.87,40.68,391,STA3
2024-03-02T21:15:00,21.59,35.68,199,STA2
2024-03-02T21:16:30,21.61,36.14,388,STA3
2024-03-02T21:18:00,21.91,36.03,137,STA2
2024-03-02T21:19:30,21.85,36.3,88,STA2
2024-03-02T21:21:00,21.73,41.3,196,STA3
2024-03-02T21:22:30,21.07,39.89,324,STA1
2024-03-02T21:24:00,21.29,43.13,151,STA2
2024-03-02T21:25:30,21.2,44.8,114,STA3
2024-03-02T21:27:00,21.72,34.91,387,STA1
2024-03-02T21:28:30,21.55,38.21,271,STA3
2024-03-02T21:30:00,21.08,34.47,244,STA1
2024-03-02T21:31:30,21.44,35.67,157,STA2
2024-03-02T21:33:00,21.05,36.11,57,STA3
2024-03-02T21:34:30,21.48,34.83,73,STA1
2024-03-02T21:36:00,21.0,34.84,356,STA3
2024-03-02T21:37:30,21.66,37.57,86,STA1
2024-03-02T21:39:00,21.61,34.35,161,STA1
2024-03-02T21:40:30,22.07,40.53,459,STA2
2024-03-02T21:42:00,21.75,35.25,204,STA2
2024-03-02T21:43:30,21.37,46.43,385,STA3
2024-03-02T21:45:00,21.75,36.65,204,STA3
2024-03-02T21:46:30,21.08,38.22,469,STA3
2024-03-02T21:48:00,21.21,34.11,419,STA2
2024-03-02T21:49:30,21.6,43.12,261,STA1
2024-03-02T21:51:00,20.85,41.36,357,STA3
2024-03-02T21:52:30,21.49,38.89,235,STA2
2024-03-02T21:54:00,21.19,33.96,474,STA1
2024-03-02T21:55:30,21.53,38.63,211,STA3
2024-03-02T21:57:00,21.18,34.64,426,STA2
2024-03-02T21:58:30,21.63,42.39,327,STA2
2024-03-02T22:00:00,21.51,40.43,339,STA2
2024-03-02T22:01:30,21.92,38.29,208,STA3
2024-03-02T22:03:00,21.5,30.69,424,STA1
2024-03-02T22:04:30,21.27,35.05,385,STA2
2024-03-02T22:06:00,21.43,40.06,416,STA1
2024-03-02T22:07:30,21.1,41.64,410,STA2
2024-03-02T22:09:00,21.62,41.33,120,STA1
2024-03-02T22:10:30,21.68,33.22,444,STA2
2024-03-02T22:12:00,22.24,38.9,428,STA3
2024-03-02T22:13:30,21.31,41.05,159,STA2
2024-03-02T22:15:00,21.42,33.02,491,STA3
2024-03-02T22:16:30,21.33,37.98,287,STA3
2024-03-02T22:18:00,21.56,38.82,194,STA1
2024-03-02T22:19:30,21.61,37.1,150,STA2
2024-03-02T22:21:00,21.48,32.44,214,STA2
2024-03-02T22:22:30,21.83,37.02,66,STA2
2024-03-02T22:24:00,21.31,37.02,360,STA3
2024-03-02T22:25:30,21.8,37.56,368,STA2
2024-03-02T22:27:00,21.66,36.31,350,STA1
2024-03-02T22:28:30,21.5,36.67,297,STA2
2024-03-02T22:30:00,21.41,37.88,213,STA1
2024-03-02T22:31:30,22.23,39.33,375,STA2
2024-03-02T22:33:00,21.25,37.09,442,STA2
2024-03-02T22:34:30,21.59,36.77,89,STA3
2024-03-02T22:36:00,21.27,38.28,222,STA1
2024-03-02T22:37:30,22.04,32.24,497,STA2
2024-03-02T22:39:00,21.77,39.43,437,STA1
2024-03-02T22:40:30,21.3,38.0,497,STA2
2024-03-02T22:42:00,21.65,38.12,132,STA2
2024-03-02T22:43:30,21.58,40.88,259,STA2
2024-03-02T22:45:00,21.35,32.14,108,STA1
2024-03-02T22:46:30,21.73,32.08,439,STA1
2024-03-02T22:48:00,21.62,38.82,283,STA2
2024-03-02T22:49:30,21.56,37.98,159,STA2
2024-03-02T22:51:00,21.49,38.51,90,STA1
2024-03-02T22:52:30,21.63,36.61,381,STA2
2024-03-02T22:54:00,21.57,39.99,415,STA1
2024-03-02T22:55:30,21.52,40.8,445,STA2
2024-03-02T22:57:00,21.31,39.45,487,STA2
2024-03-02T22:58:30,22.01,37.22,416,STA3
2024-03-02T23:00:00,21.18,31.68,403,STA3
2024-03-02T23:01:30,21.63,40.31,415,STA3
2024-03-02T23:03:00,21.4,41.67,499,STA1
2024-03-02T23:04:30,22.03,39.93,258,STA3
2024-03-02T23:06:00,21.23,35.36,391,STA2
2024-03-02T23:07:30,21.28,40.02,418,STA2
2024-03-02T23:09:00,21.21,40.58,102,STA3
2024-03-02T23:10:30,21.6,42.68,360,STA1
2024-03-02T23:12:00,21.09,35.37,202,STA1
2024-03-02T23:13:30,21.36,37.32,109,STA3
2024-03-02T23:15:00,20.85,40.24,126,STA2
2024-03-02T23:16:30,21.57,38.17,101,STA2
2024-03-02T23:18:00,21.35,34.65,453,STA1
2024-03-02T23:19:30,21.05,39.24,397,STA2
2024-03-02T23:21:00,21.83,39.74,95,STA1
2024-03-02T23:22:30,21.11,38.26,331,STA2
2024-03-02T23:24:00,21.74,38.66,347,STA2
2024-03-02T23:25:30,21.29,37.22,283,STA3
2024-03-02T23:27:00,21.98,42.43,322,STA3
2024-03-02T23:28:30,21.72,35.3,458,STA1
2024-03-02T23:30:00,21.2,36.24,283,STA1
2024-03-02T23:31:30,21.22,38.03,346,STA2
2024-03-02T23:33:00,21.68,40.64,306,STA3
2024-03-02T23:34:30,21.42,33.51,228,STA1
2024-03-02T23:36:00,21.45,34.07,450,STA2
2024-03-02T23:37:30,21.88,31.89,236,STA2
2024-03-02T23:39:00,21.28,38.1,409,STA1
2024-03-02T23:40:30,21.53,34.65,322,STA2
2024-03-02T23:42:00,21.79,36.85,358,STA1
2024-03-02T23:43:30,21.74,39.98,392,STA2
2024-03-02T23:45:00,21.45,36.08,381,STA3
2024-03-02T23:46:30,21.41,38.69,303,STA2
2024-03-02T23:48:00,20.98,37.1,326,STA1
2024-03-02T23:49:30,21.18,40.02,278,STA3
2024-03-02T23:51:00,21.6,39.43,202,STA1
2024-03-02T23:52:30,21.46,35.92,377,STA3
2024-03-02T23:54:00,21.52,37.49,445,STA3
2024-03-02T23:55:30,21.81,41.13,367,STA2
2024-03-02T23:57:00,21.14,39.18,397,STA1
2024-03-02T23:58:30,21.43,33.81,423,STA3
2024-03-03T00:00:00,21.56,39.97,215,STA3
2024-03-03T00:01:30,21.29,34.75,78,STA2
2024-03-03T00:03:00,21.93,42.24,201,STA3
2024-03-03T00:04:30,21.77,41.07,389,STA3
2024-03-03T00:06:00,21.59,38.87,417,STA3
2024-03-03T00:07:30,22.04,38.47,281,STA1
2024-03-03T00:09:00,21.05,37.37,400,STA2
2024-03-03T00:10:30,21.5,40.04,83,STA1
2024-03-03T00:12:00,21.61,36.89,339,STA1
2024-03-03T00:13:30,21.23,38.71,355,STA2
2024-03-03T00:15:00,21.59,40.62,278,STA1
2024-03-03T00:16:30,21.17,36.31,372,STA1
2024-03-03T00:18:00,21.71,36.15,271,STA3
2024-03-03T00:19:30,21.82,34.42,285,STA2
2024-03-03T00:21:00,21.58,34.81,321,STA2
2024-03-03T00:22:30,20.94,32.51,407,STA1
2024-03-03T00:24:00,21.21,40.19,161,STA3
2024-03-03T00:25:30,21.67,43.43,185,STA2
2024-03-03T00:27:00,21.51,42.28,238,STA2
2024-03-03T00:28:30,20.69,33.12,140,STA1
2024-03-03T00:30:00,21.87,40.17,200,STA1
2024-03-03T00:31:30,21.54,42.27,207,STA1
2024-03-03T00:33:00,21.25,36.63,191,STA1
2024-03-03T00:34:30,21.8,38.3,234,STA3
2024-03-03T00:36:00,21.3,31.98,277,STA2
2024-03-03T00:37:30,21.29,38.8,363,STA2
2024-03-03T00:39:00,21.61,34.81,186,STA3
2024-03-03T00:40:30,22.03,38.6,430,STA3
2024-03-03T00:42:00,21.99,33.32,265,STA1
2024-03-03T00:43:30,21.61,39.63,374,STA2
2024-03-03T00:45:00,21.64,41.07,101,STA2
2024-03-03T00:46:30,21.74,35.65,128,STA1
2024-03-03T00:48:00,21.12,34.59,254,STA3
2024-03-03T00:49:30,21.69,31.53,214,STA2
2024-03-03T00:51:00,21.28,37.2,273,STA2
2024-03-03T00:52:30,21.6,36.26,121,STA2
2024-03-03T00:54:00,21.43,33.35,263,STA3
2024-03-03T00:55:30,21.65,39.36,359,STA1
2024-03-03T00:57:00,21.54,36.65,377,STA2
2024-03-03T00:58:30,20.58,34.77,161,STA3
2024-03-03T01:00:00,21.55,36.34,204,STA3
2024-03-03T01:01:30,21.69,41.21,286,STA2
2024-03-03T01:03:00,21.63,39.81,283,STA1
2024-03-03T01:04:30,21.47,37.61,406,STA3
2024-03-03T01:06:00,21.99,39.86,225,STA3
2024-03-03T01:07:30,21.59,34.52,351,STA2
2024-03-03T01:09:00,21.63,38.1,447,STA2
2024-03-03T01:10:30,21.81,38.44,184,STA2
2024-03-03T01:12:00,21.61,36.59,420,STA1
2024-03-03T01:13:30,21.23,39.31,199,STA1
2024-03-03T01:15:00,20.77,35.66,200,STA3
2024-03-03T01:16:30,21.36,39.53,344,STA3
2024-03-03T01:18:00,21.73,39.66,329,STA1
2024-03-03T01:19:30,21.39,29.25,297,STA2
2024-03-03T01:21:00,21.74,41.57,154,STA3
2024-03-03T01:22:30,21.54,28.86,93,STA1
2024-03-03T01:24:00,21.89,36.15,459,STA1
2024-03-03T01:25:30,21.41,41.08,443,STA1
2024-03-03T01:27:00,21.64,37.05,449,STA1
2024-03-03T01:28:30,21.65,33.6,280,STA2
2024-03-03T01:30:00,21.95,34.72,448,STA2
2024-03-03T01:31:30,20.99,41.08,263,STA3
2024-03-03T01:33:00,21.36,32.24,83,STA3
2024-03-03T01:34:30,21.75,41.39,139,STA3
2024-03-03T01:36:00,21.96,37.83,172,STA3
2024-03-03T01:37:30,21.57,34.42,219,STA3
2024-03-03T01:39:00,21.41,36.25,472,STA2
2024-03-03T01:40:30,21.73,34.95,199,STA3
2024-03-03T01:42:00,21.76,40.6,325,STA1
2024-03-03T01:43:30,21.39,40.2,171,STA3
2024-03-03T01:45:00,21.6,32.84,339,STA1
2024-03-03T01:46:30,21.85,36.79,305,STA2
2024-03-03T01:48:00,22.07,35.41,117,STA1
2024-03-03T01:49:30,21.72,41.88,258,STA2
2024-03-03T01:51:00,21.51,33.95,97,STA3
2024-03-03T01:52:30,21.48,42.81,450,STA1
2024-03-03T01:54:00,21.67,37.9,366,STA2
2024-03-03T01:55:30,21.47,34.51,473,STA1
2024-03-03T01:57:00,21.56,35.97,444,STA1
2024-03-03T01:58:30,21.18,35.6,148,STA2
2024-03-03T02:00:00,21.89,34.18,368,STA2
2024-03-03T02:01:30,21.16,38.28,95,STA1
2024-03-03T02:03:00,21.37,34.32,482,STA2
2024-03-03T02:04:30,21.53,31.46,403,STA3
2024-03-03T02:06:00,22.1,36.86,356,STA2
2024-03-03T02:07:30,21.37,32.59,497,STA3
2024-03-03T02:09:00,21.3,35.74,431,STA3
2024-03-03T02:10:30,21.33,35.27,438,STA2
2024-03-03T02:12:00,22.0,35.39,95,STA2
2024-03-03T02:13:30,20.66,44.0,60,STA3
2024-03-03T02:15:00,21.2,38.17,482,STA2
2024-03-03T02:16:30,22.32,38.74,163,STA2
2024-03-03T02:18:00,21.68,32.67,241,STA1
2024-03-03T02:19:30,21.17,36.04,69,STA1
2024-03-03T02:21:00,21.49,38.65,330,STA1
2024-03-03T02:22:30,21.52,34.93,419,STA2
2024-03-03T02:24:00,21.75,40.72,428,STA3
2024-03-03T02:25:30,22.05,34.39,311,STA1
2024-03-03T02:27:00,21.62,37.14,347,STA1
2024-03-03T02:28:30,21.34,36.24,281,STA1
2024-03-03T02:30:00,21.74,38.49,250,STA2
2024-03-03T02:31:30,21.29,36.08,299,STA1
2024-03-03T02:33:00,21.19,37.19,471,STA1
2024-03-03T02:34:30,20.97,37.29,163,STA1
2024-03-03T02:36:00,21.03,35.8,261,STA1
2024-03-03T02:37:30,21.23,39.46,320,STA1
2024-03-03T02:39:00,21.15,38.72,306,STA3
2024-03-03T02:40:30,21.59,37.73,63,STA3
2024-03-03T02:42:00,21.14,36.71,179,STA2
2024-03-03T02:43:30,20.56,40.39,340,STA1
2024-03-03T02:45:00,21.19,37.29,362,STA1
2024-03-03T02:46:30,21.36,37.08,380,STA1
2024-03-03T02:48:00,21.32,38.31,496,STA2
2024-03-03T02:49:30,21.96,43.09,352,STA2
2024-03-03T02:51:00,21.32,33.98,310,STA1
2024-03-03T02:52:30,21.76,40.31,199,STA2
2024-03-03T02:54:00,21.49,32.32,216,STA1
2024-03-03T02:55:30,21.49,38.65,421,STA2
2024-03-03T02:57:00,21.25,42.73,260,STA3
2024-03-03T02:58:30,21.48,39.47,371,STA1
2024-03-03T03:00:00,21.27,38.51,105,STA2
2024-03-03T03:01:30,21.55,36.32,107,STA2
2024-03-03T03:03:00,21.43,38.09,146,STA3
2024-03-03T03:04:30,21.22,37.24,137,STA2
2024-03-03T03:06:00,21.8,35.64,323,STA2
2024-03-03T03:07:30,21.63,37.13,336,STA3
2024-03-03T03:09:00,21.37,38.6,301,STA2
2024-03-03T03:10:30,21.54,35.7,180,STA2
2024-03-03T03:12:00,21.47,35.58,309,STA1
2024-03-03T03:13:30,21.24,33.92,103,STA2
2024-03-03T03:15:00,21.52,39.17,262,STA1
2024-03-03T03:16:30,21.31,39.64,119,STA2
2024-03-03T03:18:00,21.22,38.69,84,STA1
2024-03-03T03:19:30,21.01,40.9,124,STA1
2024-03-03T03:21:00,21.39,38.26,100,STA2
2024-03-03T03:22:30,21.67,39.18,265,STA2
2024-03-03T03:24:00,21.29,38.91,295,STA3
2024-03-03T03:25:30,22.26,37.73,323,STA1
2024-03-03T03:27:00,21.77,36.41,247,STA3
2024-03-03T03:28:30,21.89,44.64,129,STA1
2024-03-03T03:30:00,21.74,36.64,59,STA3
2024-03-03T03:31:30,22.06,36.0,370,STA3
2024-03-03T03:33:00,21.26,39.3,492,STA3
2024-03-03T03:34:30,20.73,38.76,176,STA1
2024-03-03T03:36:00,21.37,33.79,142,STA3
2024-03-03T03:37:30,21.67,41.37,190,STA1
2024-03-03T03:39:00,21.55,37.72,146,STA3
2024-03-03T03:40:30,21.58,34.67,150,STA2
2024-03-03T03:42:00,21.9,41.57,272,STA2
2024-03-03T03:43:30,21.61,39.88,403,STA2
2024-03-03T03:45:00,21.74,34.21,370,STA1
2024-03-03T03:46:30,21.22,43.33,481,STA3
2024-03-03T03:48:00,21.17,39.98,210,STA3
2024-03-03T03:49:30,21.98,37.97,271,STA3
2024-03-03T03:51:00,21.53,42.77,221,STA3
2024-03-03T03:52:30,21.31,38.48,68,STA3
2024-03-03T03:54:00,21.31,37.92,224,STA3
2024-03-03T03:55:30,21.31,36.02,167,STA2
2024-03-03T03:57:00,21.29,39.75,265,STA3
2024-03-03T03:58:30,21.12,39.43,121,STA1
2024-03-03T04:00:00,21.05,38.04,383,STA3
2024-03-03T04:01:30,21.44,35.63,429,STA2
2024-03-03T04:03:00,21.32,38.39,482,STA2
2024-03-03T04:04:30,21.83,37.79,88,STA2
2024-03-03T04:06:00,21.59,34.0,102,STA1
2024-03-03T04:07:30,21.58,33.58,484,STA2
2024-03-03T04:09:00,21.28,39.7,431,STA2
2024-03-03T04:10:30,21.46,30.19,314,STA1
2024-03-03T04:12:00,21.61,38.62,194,STA3
2024-03-03T04:13:30,21.71,36.57,282,STA1
2024-03-03T04:15:00,21.47,41.92,291,STA3
2024-03-03T04:16:30,21.82,36.52,431,STA1
2024-03-03T04:18:00,21.5,39.98,288,STA1
2024-03-03T04:19:30,21.74,36.81,62,STA1
2024-03-03T04:21:00,21.35,38.34,364,STA1
2024-03-03T04:22:30,20.96,40.21,399,STA1
2024-03-03T04:24:00,21.58,36.61,184,STA3
2024-03-03T04:25:30,21.72,40.99,102,STA3
2024-03-03T04:27:00,21.67,35.02,113,STA2
2024-03-03T04:28:30,21.63,38.88,428,STA1
2024-03-03T04:30:00,21.4,40.77,251,STA3
2024-03-03T04:31:30,21.26,39.98,288,STA2
2024-03-03T04:33:00,21.67,43.75,482,STA2
2024-03-03T04:34:30,21.63,35.71,77,STA3
2024-03-03T04:36:00,21.33,33.86,142,STA2
2024-03-03T04:37:30,21.83,35.02,424,STA2
2024-03-03T04:39:00,21.24,39.98,293,STA3
2024-03-03T04:40:30,21.32,39.49,62,STA2
2024-03-03T04:42:00,21.99,38.31,366,STA3
2024-03-03T04:43:30,21.76,34.63,112,STA3
2024-03-03T04:45:00,21.39,40.3,401,STA3
2024-03-03T04:46:30,21.59,34.33,409,STA1
2024-03-03T04:48:00,21.55,41.48,420,STA1
2024-03-03T04:49:30,20.68,46.57,259,STA2
2024-03-03T04:51:00,21.23,39.1,170,STA2
2024-03-03T04:52:30,21.48,39.75,446,STA3
2024-03-03T04:54:00,21.39,36.52,301,STA1
2024-03-03T04:55:30,21.57,32.57,335,STA3
2024-03-03T04:57:00,21.84,36.19,111,STA3
2024-03-03T04:58:30,21.4,34.72,330,STA3
2024-03-03T05:00:00,21.18,33.66,311,STA3
2024-03-03T05:01:30,21.6,43.17,181,STA3
2024-03-03T05:03:00,21.4,38.82,395,STA2
2024-03-03T05:04:30,21.45,39.14,110,STA2
2024-03-03T05:06:00,21.41,37.07,373,STA2
2024-03-03T05:07:30,22.17,37.48,482,STA3
2024-03-03T05:09:00,20.83,40.89,305,STA1
2024-03-03T05:10:30,21.38,37.9,97,STA2
2024-03-03T05:12:00,21.5,39.59,298,STA2
2024-03-03T05:13:30,21.27,37.41,288,STA2
2024-03-03T05:15:00,21.77,36.97,298,STA2
2024-03-03T05:16:30,21.74,33.78,172,STA3
2024-03-03T05:18:00,21.49,32.07,331,STA1
2024-03-03T05:19:30,21.42,37.22,168,STA3
2024-03-03T05:21:00,21.47,38.17,301,STA3
2024-03-03T05:22:30,21.47,34.14,317,STA3
2024-03-03T05:24:00,21.48,37.9,340,STA3
2024-03-03T05:25:30,21.44,38.16,409,STA2
2024-03-03T05:27:00,21.58,31.53,447,STA1
2024-03-03T05:28:30,21.73,35.25,399,STA2
2024-03-03T05:30:00,21.13,39.22,408,STA1
2024-03-03T05:31:30,21.18,39.16,440,STA1
2024-03-03T05:33:00,20.98,34.54,159,STA3
2024-03-03T05:34:30,21.76,38.48,181,STA2
2024-03-03T05:36:00,21.58,41.07,289,STA2
2024-03-03T05:37:30,21.65,40.33,259,STA3
2024-03-03T05:39:00,21.07,37.71,365,STA1
2024-03-03T05:40:30,22.04,36.6,54,STA3
2024-03-03T05:42:00,21.32,36.11,112,STA2
2024-03-03T05:43:30,21.55,39.4,386,STA2
2024-03-03T05:45:00,21.76,38.59,419,STA2
2024-03-03T05:46:30,21.2,39.89,186,STA2
2024-03-03T05:48:00,21.34,38.4,189,STA2
2024-03-03T05:49:30,21.55,40.46,302,STA2
2024-03-03T05:51:00,22.36,38.28,264,STA1
2024-03-03T05:52:30,21.59,40.35,126,STA1
2024-03-03T05:54:00,21.98,40.61,275,STA2
2024-03-03T05:55:30,21.86,35.59,418,STA1
2024-03-03T05:57:00,21.61,32.58,378,STA2
2024-03-03T05:58:30,21.2,42.63,417,STA3
2024-03-03T06:00:00,21.82,38.77,339,STA1
2024-03-03T06:01:30,21.05,32.86,444,STA1
2024-03-03T06:03:00,21.98,35.86,162,STA1
2024-03-03T06:04:30,21.56,40.32,70,STA3
2024-03-03T06:06:00,20.7,37.16,101,STA3
2024-03-03T06:07:30,21.4,36.46,496,STA1
2024-03-03T06:09:00,21.7,42.2,338,STA2
2024-03-03T06:10:30,21.43,34.86,161,STA3
2024-03-03T06:12:00,21.71,35.61,434,STA3
2024-03-03T06:13:30,21.24,38.63,189,STA2
2024-03-03T06:15:00,21.11,39.17,318,STA1
2024-03-03T06:16:30,21.48,39.49,162,STA3
2024-03-03T06:18:00,21.51,40.73,92,STA3
2024-03-03T06:19:30,21.4,38.6,170,STA2
2024-03-03T06:21:00,21.87,39.47,152,STA1
2024-03-03T06:22:30,21.24,37.22,298,STA3
2024-03-03T06:24:00,21.59,38.19,59,STA1
2024-03-03T06:25:30,21.52,38.32,157,STA3
2024-03-03T06:27:00,21.03,38.65,305,STA3
2024-03-03T06:28:30,21.1,40.32,227,STA2
2024-03-03T06:30:00,21.5,39.67,336,STA2
2024-03-03T06:31:30,22.09,38.13,345,STA1
2024-03-03T06:33:00,21.67,35.57,484,STA3
2024-03-03T06:34:30,20.98,38.2,426,STA1
2024-03-03T06:36:00,20.57,37.92,152,STA1
2024-03-03T06:37:30,21.72,38.58,361,STA3
2024-03-03T06:39:00,21.47,44.62,332,STA3
2024-03-03T06:40:30,21.84,36.43,317,STA2
2024-03-03T06:42:00,21.24,39.27,409,STA2
2024-03-03T06:43:30,21.61,41.21,116,STA2
2024-03-03T06:45:00,21.75,38.29,218,STA1
2024-03-03T06:46:30,21.37,45.01,417,STA2
2024-03-03T06:48:00,21.37,36.87,451,STA3
2024-03-03T06:49:30,21.51,38.97,66,STA2
2024-03-03T06:51:00,21.66,35.6,262,STA3
2024-03-03T06:52:30,21.5,36.95,168,STA3
2024-03-03T06:54:00,21.79,38.75,125,STA3
2024-03-03T06:55:30,21.36,40.54,75,STA3
2024-03-03T06:57:00,21.1,38.96,292,STA3
2024-03-03T06:58:30,22.09,41.78,350,STA3
2024-03-03T07:00:00,21.32,37.72,289,STA3
2024-03-03T07:01:30,21.33,37.0,215,STA3
2024-03-03T07:03:00,21.48,46.11,397,STA3
2024-03-03T07:04:30,21.52,39.18,343,STA3
2024-03-03T07:06:00,21.38,35.84,458,STA3
2024-03-03T07:07:30,21.49,35.92,206,STA2
2024-03-03T07:09:00,21.49,35.17,157,STA3
2024-03-03T07:10:30,21.55,40.81,255,STA3
2024-03-03T07:12:00,20.79,36.91,278,STA2
2024-03-03T07:13:30,22.06,38.38,256,STA1
2024-03-03T07:15:00,21.46,37.81,424,STA3
2024-03-03T07:16:30,21.67,40.19,70,STA2
2024-03-03T07:18:00,21.09,35.46,287,STA2
2024-03-03T07:19:30,21.36,34.77,243,STA3
2024-03-03T07:21:00,21.3,38.67,144,STA1
2024-03-03T07:22:30,21.94,39.8,338,STA2
2024-03-03T07:24:00,21.32,39.0,410,STA1
2024-03-03T07:25:30,21.73,35.57,295,STA1
2024-03-03T07:27:00,21.3,40.03,88,STA3
2024-03-03T07:28:30,21.36,35.77,83,STA2
2024-03-03T07:30:00,21.43,36.44,239,STA1
2024-03-03T07:31:30,21.89,35.17,350,STA2
2024-03-03T07:33:00,20.93,41.9,191,STA1
2024-03-03T07:34:30,21.11,39.9,188,STA3
2024-03-03T07:36:00,20.92,39.81,437,STA1
2024-03-03T07:37:30,21.17,41.74,56,STA2
2024-03-03T07:39:00,21.26,46.44,85,STA2
2024-03-03T07:40:30,21.02,32.87,120,STA1
2024-03-03T07:42:00,21.28,35.78,492,STA3
2024-03-03T07:43:30,20.9,36.15,273,STA2
2024-03-03T07:45:00,21.19,35.45,121,STA2
2024-03-03T07:46:30,21.86,34.77,189,STA2
2024-03-03T07:48:00,21.62,37.1,486,STA3
2024-03-03T07:49:30,21.56,34.35,362,STA1
2024-03-03T07:51:00,21.2,39.01,150,STA3
2024-03-03T07:52:30,21.04,38.16,158,STA2
2024-03-03T07:54:00,21.16,39.44,83,STA1
2024-03-03T07:55:30,21.49,39.52,397,STA2
2024-03-03T07:57:00,21.76,39.81,111,STA3
2024-03-03T07:58:30,21.77,36.88,178,STA1
